title,url,time_published,authors,summary,banner_image,source,category_within_source,source_domain,topics,overall_sentiment_score,overall_sentiment_label,ticker_sentiment
UBS reiterates Packaging Corp. of America stock buy on guidance miss risk,https://ca.investing.com/news/stock-market-news/ubs-reiterates-packaging-corp-of-america-stock-buy-on-guidance-miss-risk-93CH-4686642,20260611T143829,['Investing.com'],"UBS has reiterated a Buy rating and a $248.00 price target for Packaging Corp. of America (NYSE:PKG), despite the company indicating a potential miss on its second-quarter earnings guidance. The company cited higher freight and recycled fiber costs, as well as lower outside sales and exports, as reasons for the expected shortfall. However, UBS maintains its positive outlook alongside other analysts who have also reiterated Buy ratings and increased price targets due to the company's pricing power, integration synergies, and strong demand outlook.",https://i-invdn-com.investing.com/news/LYNXMPEB230DM_L.jpg,Investing.com Canada,General,Investing.com Canada,"[{'topic': 'earnings', 'relevance_score': '1.000000'}, {'topic': 'financial_markets', 'relevance_score': '0.922694'}]",0.049732,Neutral,"[{'ticker': 'PKG', 'relevance_score': '1.000000', 'ticker_sentiment_score': '-0.197275', 'ticker_sentiment_label': 'Somewhat-Bearish'}, {'ticker': 'AVGO', 'relevance_score': '0.576052', 'ticker_sentiment_score': '0.306259', 'ticker_sentiment_label': 'Somewhat-Bullish'}, {'ticker': 'AAPL', 'relevance_score': '0.576038', 'ticker_sentiment_score': '-0.309749', 'ticker_sentiment_label': 'Somewhat-Bearish'}, {'ticker': 'TSLA', 'relevance_score': '0.570210', 'ticker_sentiment_score': '0.321158', 'ticker_sentiment_label': 'Somewhat-Bullish'}]"
Oppenheimer raises Tesla stock price target on storage demand,https://www.investing.com/news/analyst-ratings/oppenheimer-raises-tesla-stock-price-target-on-storage-demand-93CH-4737494,20260611T132540,['Investing.com'],"Oppenheimer has increased its price target for Tesla (NASDAQ:TSLA) due to anticipated higher demand for stationary storage and increased vehicle sales. The firm attributes this growth to Tesla's product evolution, cost reductions, and the supportive effect of elevated oil prices on global EV demand. Additionally, Oppenheimer noted that speculation regarding a potential merger with SPCX may provide some support for Tesla shares, recognizing CEO Elon Musk's strategy for diversified capital access with two public currencies.",https://i-invdn-com.investing.com/news/moved_LYNXNPEL8E0Q8_L.jpg,Investing.com,General,Investing.com,"[{'topic': 'financial_markets', 'relevance_score': '0.934206'}, {'topic': 'technology', 'relevance_score': '0.810280'}, {'topic': 'earnings', 'relevance_score': '0.720907'}, {'topic': 'energy_transportation', 'relevance_score': '0.730992'}, {'topic': 'ipo', 'relevance_score': '0.616313'}]",0.203912,Somewhat-Bullish,"[{'ticker': 'TSLA', 'relevance_score': '1.000000', 'ticker_sentiment_score': '0.463278', 'ticker_sentiment_label': 'Bullish'}, {'ticker': 'INTC', 'relevance_score': '0.614897', 'ticker_sentiment_score': '-0.103354', 'ticker_sentiment_label': 'Neutral'}]"
"Is the 2026 Toyota bZ Woodland a Good Crossover EV? 5 Pros, 2 Cons",https://www.cars.com/articles/is-the-2026-toyota-bz-woodland-a-good-crossover-ev-5-pros-2-cons-525768/,20260611T113909,['Jim Travers'],"The 2026 Toyota bZ Woodland is an electric crossover aimed at active-lifestyle buyers, offering increased space, all-wheel drive, and 375 horsepower. It shares many characteristics with the Subaru Trailseeker but adds 6 inches in length for more cargo and passenger room. While it boasts quick acceleration and decent range, its interior design and higher price point compared to the Trailseeker are noted as potential downsides.",https://images.cars.com/cldstatic/wp-content/uploads/toyota-bz-woodland-2026-03-exterior-front-angle-scaled.jpg,Cars.com,General,Cars.com,"[{'topic': 'energy_transportation', 'relevance_score': '0.931463'}]",0.037104,Neutral,"[{'ticker': 'CARS', 'relevance_score': '0.333499', 'ticker_sentiment_score': '0.015577', 'ticker_sentiment_label': 'Neutral'}, {'ticker': 'F', 'relevance_score': '0.732487', 'ticker_sentiment_score': '0.018841', 'ticker_sentiment_label': 'Neutral'}, {'ticker': 'GM', 'relevance_score': '0.637182', 'ticker_sentiment_score': '0.028821', 'ticker_sentiment_label': 'Neutral'}, {'ticker': 'TSLA', 'relevance_score': '0.639476', 'ticker_sentiment_score': '0.040831', 'ticker_sentiment_label': 'Neutral'}]"
"General Motors pivots battery strategy, puts LMR ahead of widely used LFP - report (GM:NYSE)",https://seekingalpha.com/news/4602466-general-motors-pivots-battery-strategy-puts-lmr-ahead-of-widely-used-lfp---report,20260611T092702,"['Manshi Mamtora', 'CFA']","General Motors is reportedly shifting its electric vehicle battery strategy away from lithium iron phosphate (LFP) towards lithium manganese-rich (LMR) technology. This move suggests a significant change in GM's approach to EV chemistry. The report, citing Reuters, indicates a pivot in the company's long-term battery plans.",https://static.seekingalpha.com/cdn/s3/uploads/getty_images/2165725341/image_2165725341.jpg?io=getty-c-w630,Seeking Alpha,General,Seeking Alpha,"[{'topic': 'energy_transportation', 'relevance_score': '0.901337'}]",0.138295,Neutral,"[{'ticker': 'GM', 'relevance_score': '1.000000', 'ticker_sentiment_score': '0.115471', 'ticker_sentiment_label': 'Neutral'}, {'ticker': 'F', 'relevance_score': '0.622424', 'ticker_sentiment_score': '0.181723', 'ticker_sentiment_label': 'Somewhat-Bullish'}, {'ticker': 'TSLA', 'relevance_score': '0.644370', 'ticker_sentiment_score': '0.171347', 'ticker_sentiment_label': 'Somewhat-Bullish'}]"
Musk to discuss Terafab chip plant plans at ASML event (ASML:NASDAQ),https://seekingalpha.com/news/4602459-musk-to-discuss-terafab-chip-plant-plans-at-asml-event,20260611T081040,['Preeti Singh'],"Elon Musk is scheduled to virtually attend ASML's annual technology conference on Thursday. He is expected to discuss Terafab, his semiconductor manufacturing venture. This initiative aims to produce chips for Tesla and SpaceX.",https://static.seekingalpha.com/cdn/s3/uploads/getty_images/2273245544/image_2273245544.jpg?io=getty-c-w630,Seeking Alpha,General,Seeking Alpha,"[{'topic': 'technology', 'relevance_score': '0.800964'}, {'topic': 'manufacturing', 'relevance_score': '0.741862'}, {'topic': 'financial_markets', 'relevance_score': '0.641358'}, {'topic': 'energy_transportation', 'relevance_score': '0.632173'}]",0.172115,Somewhat-Bullish,"[{'ticker': 'ASML', 'relevance_score': '1.000000', 'ticker_sentiment_score': '0.249330', 'ticker_sentiment_label': 'Somewhat-Bullish'}, {'ticker': 'TSLA', 'relevance_score': '0.836416', 'ticker_sentiment_score': '0.208840', 'ticker_sentiment_label': 'Somewhat-Bullish'}, {'ticker': 'INTC', 'relevance_score': '0.602960', 'ticker_sentiment_score': '0.100377', 'ticker_sentiment_label': 'Neutral'}, {'ticker': 'AMD', 'relevance_score': '0.647205', 'ticker_sentiment_score': '0.100955', 'ticker_sentiment_label': 'Neutral'}, {'ticker': 'NVDA', 'relevance_score': '0.614686', 'ticker_sentiment_score': '0.124065', 'ticker_sentiment_label': 'Neutral'}]"
"PepsiCo, Inc. $PEP Shares Acquired by Capital Wealth Planning LLC",https://www.marketbeat.com/instant-alerts/filing-pepsico-inc-pep-shares-acquired-by-capital-wealth-planning-llc-2026-06-11/,20260611T070826,['MarketBeat'],"Capital Wealth Planning LLC significantly increased its stake in PepsiCo, Inc. (NASDAQ:PEP) during the fourth quarter, buying an additional 7,739 shares to hold a total of 20,703 shares valued at approximately $2.97 million. Institutional investors and hedge funds own 73.07% of PepsiCo's stock. The company recently reported strong quarterly results, increased its dividend to $1.48 per share, and is rated a consensus ""Hold"" by analysts with an average price target of $169.58.",https://www.marketbeat.com/logos/pepsico-inc-logo-1200x675.jpg?v=20260518102131,MarketBeat,General,MarketBeat,"[{'topic': 'earnings', 'relevance_score': '0.910200'}, {'topic': 'financial_markets', 'relevance_score': '0.816521'}, {'topic': 'retail_wholesale', 'relevance_score': '0.720747'}, {'topic': 'finance', 'relevance_score': '0.604820'}, {'topic': 'technology', 'relevance_score': '0.640331'}]",0.260102,Somewhat-Bullish,"[{'ticker': 'PEP', 'relevance_score': '0.960416', 'ticker_sentiment_score': '0.398016', 'ticker_sentiment_label': 'Bullish'}, {'ticker': 'TSLA', 'relevance_score': '0.600769', 'ticker_sentiment_score': '0.334548', 'ticker_sentiment_label': 'Somewhat-Bullish'}, {'ticker': 'KO', 'relevance_score': '0.708164', 'ticker_sentiment_score': '0.101166', 'ticker_sentiment_label': 'Neutral'}]"
Cathie Wood buys $4.3 million of tumbling tech stock,https://sg.finance.yahoo.com/news/cathie-wood-buys-4-3-021604824.html,20260611T021600,['Silin Chen'],"Cathie Wood's Ark Investment Management recently purchased $4.3 million worth of DoorDash (DASH) shares after the stock experienced a significant decline. This purchase aligns with Wood's strategy of buying into high-tech companies following selloffs, despite her flagship Ark Innovation ETF (ARKK) currently underperforming the S&P 500 this year and showing negative long-term annualized returns. Wood also anticipates a Federal Reserve rate cut, believing new chair Kevin Warsh will reduce rates due to increased productivity from technology and moderating inflation.",https://s.yimg.com/ny/api/res/1.2/RO6M7dCx66XiY4IQt9d9gA--/YXBwaWQ9aGlnaGxhbmRlcjt3PTE0NDtoPTQ4/https://s.yimg.com/os/creatr-uploaded-images/2024-01/843fa1d0-c429-11ee-9ffc-fcd336cb7829,Yahoo Finance Singapore,General,Yahoo Finance Singapore,"[{'topic': 'earnings', 'relevance_score': '0.940451'}, {'topic': 'financial_markets', 'relevance_score': '0.907739'}, {'topic': 'economy_monetary', 'relevance_score': '0.805739'}, {'topic': 'technology', 'relevance_score': '0.812260'}, {'topic': 'economy_macro', 'relevance_score': '0.737149'}]",0.041694,Neutral,"[{'ticker': 'ARKK', 'relevance_score': '1.000000', 'ticker_sentiment_score': '-0.334163', 'ticker_sentiment_label': 'Somewhat-Bearish'}, {'ticker': 'DASH', 'relevance_score': '0.942065', 'ticker_sentiment_score': '0.113270', 'ticker_sentiment_label': 'Neutral'}, {'ticker': 'TSLA', 'relevance_score': '0.604011', 'ticker_sentiment_score': '0.139587', 'ticker_sentiment_label': 'Neutral'}, {'ticker': 'AMD', 'relevance_score': '0.593633', 'ticker_sentiment_score': '0.121722', 'ticker_sentiment_label': 'Neutral'}]"
Cathie Wood Asks Elon Musk How Tesla Handles 'Parking And Traffic Violations' After The Robotaxi She Rode Gets $75 Ticket,https://finance.yahoo.com/markets/stocks/articles/cathie-wood-asks-elon-musk-013046976.html,20260611T013827,['Shomik Sen Bhattacharjee'],"Cathie Wood, CEO of ARK Invest, posed a question to Elon Musk regarding how Tesla plans to manage parking and traffic violations for its Robotaxi fleet after a driverless Tesla she rode in Austin received a $75 parking ticket. Wood indicated that this new operating expense would be added to ARK's valuation model for Tesla, highlighting a real-world cost that autonomous vehicle operators must address. Despite the ticket, she praised the smooth performance of Tesla's autonomous service compared to other robotaxi experiences.",https://s.yimg.com/ny/api/res/1.2/gDqQX9fr0ouYyHefLt6kKw--/YXBwaWQ9aGlnaGxhbmRlcjt3PTk2MDtoPTY3NQ--/https://media.zenfs.com/en/benzinga_79/7955defb8475d8013ce731bccf429108,Yahoo Finance,General,Yahoo Finance,"[{'topic': 'technology', 'relevance_score': '1.000000'}, {'topic': 'energy_transportation', 'relevance_score': '0.913437'}]",-0.048733,Neutral,"[{'ticker': 'TSLA', 'relevance_score': '1.000000', 'ticker_sentiment_score': '-0.157578', 'ticker_sentiment_label': 'Somewhat-Bearish'}, {'ticker': 'GOOG', 'relevance_score': '0.603193', 'ticker_sentiment_score': '0.128124', 'ticker_sentiment_label': 'Neutral'}]"
Why SpaceX (SPCX) Could Trade Like Tesla On Steroids,https://uk.finance.yahoo.com/news/why-spacex-spcx-could-trade-005028221.html,20260611T004937,['Mitch Lawler'],"The article discusses how SpaceX (SPCX), set to trade on Nasdaq, could exhibit similar high volatility and narrative-driven trading patterns as Tesla (TSLA). It highlights factors like scarcity, a devoted retail base, a visionary founder (Elon Musk), and ambitious future plans (Starship, Mars, Starlink) contributing to an expected $1.75 trillion valuation, making it susceptible to significant price swings. The author also cautions investors about leveraged ETFs like SPCU, which aim to double SpaceX's daily moves, urging careful consideration of their inherent risks.",https://s.yimg.com/ny/api/res/1.2/q4IZFmMfAvjuxgKaV3.m_g--/YXBwaWQ9aGlnaGhsYW5kZXJ0O3c9OTYwO2g9MzQ3--/https://media.zenfs.com/en/simply_wall_st__316/c2812f0390355efb37808cf9f9c522ed,Yahoo Finance UK,General,Yahoo Finance UK,"[{'topic': 'ipo', 'relevance_score': '1.000000'}, {'topic': 'financial_markets', 'relevance_score': '0.920629'}, {'topic': 'technology', 'relevance_score': '0.818517'}, {'topic': 'energy_transportation', 'relevance_score': '0.720815'}]",0.34779,Somewhat-Bullish,"[{'ticker': 'TSLA', 'relevance_score': '0.939371', 'ticker_sentiment_score': '0.336976', 'ticker_sentiment_label': 'Somewhat-Bullish'}]"
"Sylebra Capital LLC, an Impinj director, sells $8.3 million in stock",https://www.investing.com/news/insider-trading-news/sylebra-capital-llc-an-impinj-director-sells-83-million-in-stock-93CH-4736286,20260610T224117,['Investing.com'],"Sylebra Capital LLC, a director of Impinj Inc. (NASDAQ:PI), has sold approximately $8.3 million worth of common stock over two days, disposing of 64,633 shares at prices ranging from $125.9651 to $130.0685. These transactions occurred amidst a 9.2% weekly decline and a 28% year-to-date drop in Impinj's stock, which InvestingPro assesses as currently overvalued. Despite the stock sale, Impinj recently reported strong first-quarter 2026 earnings, exceeding analyst expectations for both EPS and revenue, and UBS raised its price target for the company to $175, citing improved inventory management and strengthening demand drivers.",https://i-invdn-com.investing.com/news/moved_LYNXNPEL8N0RO_L.jpg,Investing.com,General,Investing.com,"[{'topic': 'financial_markets', 'relevance_score': '0.933899'}, {'topic': 'earnings', 'relevance_score': '0.818402'}, {'topic': 'finance', 'relevance_score': '0.741583'}]",-0.380519,Bearish,"[{'ticker': 'PI', 'relevance_score': '0.977512', 'ticker_sentiment_score': '-0.227485', 'ticker_sentiment_label': 'Somewhat-Bearish'}, {'ticker': 'SMCI', 'relevance_score': '0.584373', 'ticker_sentiment_score': '-0.406635', 'ticker_sentiment_label': 'Bearish'}, {'ticker': 'NVDA', 'relevance_score': '0.570185', 'ticker_sentiment_score': '-0.392188', 'ticker_sentiment_label': 'Bearish'}, {'ticker': 'MU', 'relevance_score': '0.550292', 'ticker_sentiment_score': '-0.419384', 'ticker_sentiment_label': 'Bearish'}, {'ticker': 'TSLA', 'relevance_score': '0.577002', 'ticker_sentiment_score': '-0.397199', 'ticker_sentiment_label': 'Bearish'}]"
Sociedad Química y Minera de Chile (SQM) Is Down 5.5% After Strong Q1 Beat And Higher Lithium Guidance,https://simplywall.st/stocks/us/materials/nyse-sqm/sociedad-quimica-y-minera-de-chile/news/sociedad-qumica-y-minera-de-chile-sqm-is-down-55-after-stron,20260610T223949,"['Simply Wall St', 'Sasha Jovanovic']","Sociedad Química y Minera de Chile (SQM) reported strong Q1 2026 results with increased sales and net income, alongside higher lithium sales volumes and raised full-year guidance. Despite this positive performance, the stock is down 5.5%, highlighting investor concerns about lithium price volatility and potential oversupply. The company's investment narrative projects significant revenue and earnings growth by 2028, leading to a fair value estimate in line with its current price.",https://images.simplywall.st/company/0976be13-c9ef-4ee1-9542-a9464a0daf8b/chart/quote-price,Simply Wall Street,General,Simply Wall Street,"[{'topic': 'earnings', 'relevance_score': '0.908295'}, {'topic': 'financial_markets', 'relevance_score': '0.703479'}]",0.100301,Neutral,"[{'ticker': 'SQM', 'relevance_score': '1.000000', 'ticker_sentiment_score': '0.164423', 'ticker_sentiment_label': 'Somewhat-Bullish'}, {'ticker': 'ALB', 'relevance_score': '0.739584', 'ticker_sentiment_score': '0.149268', 'ticker_sentiment_label': 'Neutral'}, {'ticker': 'TSLA', 'relevance_score': '0.638435', 'ticker_sentiment_score': '0.037217', 'ticker_sentiment_label': 'Neutral'}]"
Tesla’s Robotaxi Falls Short With Long Waits and Stalled Rides,https://www.bloomberg.com/news/features/2026-06-10/tesla-robotaxi-fleet-totals-just-59-vehicles-despite-musk-promises,20260610T221500,['Kara Carlson'],"Despite Elon Musk's ambitious promises to have Tesla robotaxis cover half the US population by late 2025, the company's fleet remains limited to just 59 vehicles operating in three Texas cities. Early user experiences are plagued by long waits and stalled rides, indicating the service is far from the broad rollout Musk initially envisioned.",https://assets.bwbx.io/images/users/iqjWHBFdfxIU/iGw2nTyua7.w/v1/-1x-1.webp,Bloomberg.com,General,Bloomberg.com,"[{'topic': 'earnings', 'relevance_score': '0.908033'}, {'topic': 'technology', 'relevance_score': '0.837080'}, {'topic': 'energy_transportation', 'relevance_score': '0.702850'}]",-0.39202,Bearish,"[{'ticker': 'TSLA', 'relevance_score': '1.000000', 'ticker_sentiment_score': '-0.419998', 'ticker_sentiment_label': 'Bearish'}]"
Arteris president and CEO Charles Janac sells $2.44 million in stock,https://www.investing.com/news/insider-trading-news/arteris-president-and-ceo-charles-janac-sells-244-million-in-stock-93CH-4736140,20260610T200946,['Investing.com'],"Charles Janac, President and CEO of Arteris Inc., sold 70,000 shares of common stock totaling approximately $2.44 million on June 8, 2026. These sales, executed via a pre-arranged 10b5-1 trading plan, occurred after a significant stock appreciation but also a recent decline, with the stock appearing overvalued according to InvestingPro. Arteris recently exceeded Q1 2026 financial expectations and received a raised price target from TD Cowen due to strong AI growth and automotive performance.",https://i-invdn-com.investing.com/news/moved_LYNXMPELBA0IC_L.jpg,Investing.com,General,Investing.com,"[{'topic': 'earnings', 'relevance_score': '0.937462'}, {'topic': 'financial_markets', 'relevance_score': '0.841341'}, {'topic': 'finance', 'relevance_score': '0.701979'}, {'topic': 'technology', 'relevance_score': '0.616182'}]",0.087265,Neutral,"[{'ticker': 'AIP', 'relevance_score': '1.000000', 'ticker_sentiment_score': '-0.280633', 'ticker_sentiment_label': 'Somewhat-Bearish'}, {'ticker': 'INTC', 'relevance_score': '0.611926', 'ticker_sentiment_score': '0.247549', 'ticker_sentiment_label': 'Somewhat-Bullish'}, {'ticker': 'AMD', 'relevance_score': '0.586916', 'ticker_sentiment_score': '0.240894', 'ticker_sentiment_label': 'Somewhat-Bullish'}, {'ticker': 'TSLA', 'relevance_score': '0.599459', 'ticker_sentiment_score': '0.126563', 'ticker_sentiment_label': 'Neutral'}]"
Tesla robotaxis stall as Musk’s self-driving hype hits real-world traffic,https://www.latimes.com/business/story/2026-06-10/tesla-robotaxis-stall-as-musks-self-driving-hype-hits-real-world-traffic,20260610T174227,['Kara Carlson'],"Tesla's highly anticipated robotaxi service, launched by Elon Musk in July 2025 with big promises of rapid expansion, has significantly underperformed expectations. Almost a year later, the fleet numbers only 59 vehicles operating in three Texas cities, a far cry from the projected ""half the population of the U.S."" and ""500 or more"" in Austin alone. The article highlights user frustrations with long wait times, limited availability, and inconsistent drop-off locations, suggesting the technology isn't yet ready for widespread deployment despite Musk's ambitious claims.",https://ca-times.brightspotcdn.com/dims4/default/160be4b/2147483647/strip/true/crop/2000x1335+0+0/resize/1200x801!/quality/75/?url=https%3A%2F%2Fcalifornia-times-brightspot.s3.amazonaws.com%2F72%2F50%2F4ffebb2b250a24dd35d738fc01ed%2F1x-1.jpg,Los Angeles Times,General,Los Angeles Times,"[{'topic': 'earnings', 'relevance_score': '0.803372'}, {'topic': 'technology', 'relevance_score': '0.924914'}, {'topic': 'energy_transportation', 'relevance_score': '0.722456'}]",0.040921,Neutral,"[{'ticker': 'TSLA', 'relevance_score': '0.334449', 'ticker_sentiment_score': '0.033638', 'ticker_sentiment_label': 'Neutral'}]"
East West Bancorp stock hits all-time high at 130.19 USD,https://www.investing.com/news/company-news/east-west-bancorp-stock-hits-alltime-high-at-13019-usd-93CH-4735525,20260610T150935,['Investing.com'],"East West Bancorp Inc. (EWBC) stock reached an all-time high of $130.19, reflecting a 38.51% increase over the past year. Despite trading just below its 52-week high, InvestingPro data suggests the company remains undervalued. The strong performance follows positive first-quarter 2026 financial results, which surpassed earnings and revenue expectations, leading to several analysts raising their price targets and maintaining ""Buy"" or ""Overweight"" ratings.",https://i-invdn-com.investing.com/news/LYNXMPEB59082_L.jpg,Investing.com,General,Investing.com,"[{'topic': 'earnings', 'relevance_score': '0.914009'}, {'topic': 'financial_markets', 'relevance_score': '0.847813'}, {'topic': 'finance', 'relevance_score': '0.749282'}]",0.18738,Somewhat-Bullish,"[{'ticker': 'EWBC', 'relevance_score': '1.000000', 'ticker_sentiment_score': '0.406536', 'ticker_sentiment_label': 'Bullish'}, {'ticker': 'ORCL', 'relevance_score': '0.607991', 'ticker_sentiment_score': '-0.435778', 'ticker_sentiment_label': 'Bearish'}, {'ticker': 'INTC', 'relevance_score': '0.602027', 'ticker_sentiment_score': '0.343724', 'ticker_sentiment_label': 'Somewhat-Bullish'}, {'ticker': 'NVDA', 'relevance_score': '0.644078', 'ticker_sentiment_score': '0.325628', 'ticker_sentiment_label': 'Somewhat-Bullish'}, {'ticker': 'TSLA', 'relevance_score': '0.632704', 'ticker_sentiment_score': '0.319087', 'ticker_sentiment_label': 'Somewhat-Bullish'}]"
"Musk’s jet travels highlight Texas, global business moves. Here's where he went.",https://www.statesman.com/business/article/elon-musk-jet-travel-2026-texas-spacex-tesla-xai-22203608.php,20260610T143445,['Andrea Guzmán'],"Elon Musk's early 2026 activities involved significant travel related to his companies, Tesla and SpaceX, and other ventures. His private jet logged",,Austin American-Statesman,General,Austin American-Statesman,"[{'topic': 'technology', 'relevance_score': '0.941758'}, {'topic': 'ipo', 'relevance_score': '0.818635'}, {'topic': 'mergers_and_acquisitions', 'relevance_score': '0.720567'}, {'topic': 'energy_transportation', 'relevance_score': '0.743802'}, {'topic': 'manufacturing', 'relevance_score': '0.637382'}]",0.069601,Neutral,"[{'ticker': 'TSLA', 'relevance_score': '0.974553', 'ticker_sentiment_score': '0.113401', 'ticker_sentiment_label': 'Neutral'}, {'ticker': 'JBL', 'relevance_score': '0.716015', 'ticker_sentiment_score': '0.036479', 'ticker_sentiment_label': 'Neutral'}, {'ticker': 'MMM', 'relevance_score': '0.624789', 'ticker_sentiment_score': '0.044179', 'ticker_sentiment_label': 'Neutral'}, {'ticker': 'IBM', 'relevance_score': '0.552049', 'ticker_sentiment_score': '0.003318', 'ticker_sentiment_label': 'Neutral'}]"
"BYD outsold Ford, and now it thinks it can catch Toyota as the world’s No. 1 automaker",https://electrek.co/2026/06/10/byd-outsold-ford-thinks-it-can-catch-toyota-for-no-1/,20260610T140900,['Peter Johnson'],"BYD, already the world’s largest EV maker, is confident it will become the leading global automaker within five years, aiming to surpass Toyota. Having sold over 4.6 million new energy vehicles last year and exceeding Ford in sales, BYD is expanding its overseas presence and deploying new battery and charging technologies. While other traditional automakers delay EV projects, BYD builds most components in-house and plans a significant rollout of its Flash Charging stations across Europe.",https://electrek.co/wp-content/uploads/sites/3/2025/06/BYDs-EV-price-cuts-1.jpeg?quality=82&strip=all&w=1400,Electrek,General,Electrek,"[{'topic': 'earnings', 'relevance_score': '0.845994'}, {'topic': 'energy_transportation', 'relevance_score': '0.917637'}, {'topic': 'manufacturing', 'relevance_score': '0.706235'}, {'topic': 'technology', 'relevance_score': '0.644257'}]",0.094964,Neutral,"[{'ticker': 'TM', 'relevance_score': '0.826260', 'ticker_sentiment_score': '0.124488', 'ticker_sentiment_label': 'Neutral'}, {'ticker': 'F', 'relevance_score': '0.745481', 'ticker_sentiment_score': '-0.081894', 'ticker_sentiment_label': 'Neutral'}, {'ticker': 'TSLA', 'relevance_score': '0.640847', 'ticker_sentiment_score': '0.177875', 'ticker_sentiment_label': 'Somewhat-Bullish'}]"
"Tesla Has 'Effectively' Achieved Level 4 Autonomy, Says Piper Sandler Analyst – How A Trip To Minneapolis Strengthened His Conviction",https://www.tradingview.com/news/stocktwits:5f9bbb5ac094b:0-tesla-has-effectively-achieved-level-4-autonomy-says-piper-sandler-analyst-how-a-trip-to-minneapolis-strengthened-his-conviction/,20260610T133832,[],"Piper Sandler analyst Alexander Potter believes Tesla has ""effectively"" achieved Level 4 autonomy, citing the company's FSD subscriptions, robotaxi expansion, and plans for the Cybercab without a steering wheel. This conviction was reinforced by a trip where his Tesla drove him from Montana to Minneapolis. Tesla is also expanding FSD Supervised in Europe, while JPMorgan highlights Tesla's ""unmatched"" advantage in manufacturing and AI.",,TradingView,General,TradingView,"[{'topic': 'technology', 'relevance_score': '0.947849'}, {'topic': 'energy_transportation', 'relevance_score': '0.801311'}, {'topic': 'financial_markets', 'relevance_score': '0.735357'}, {'topic': 'earnings', 'relevance_score': '0.718785'}]",0.045567,Neutral,"[{'ticker': 'TSLA', 'relevance_score': '0.318654', 'ticker_sentiment_score': '0.037724', 'ticker_sentiment_label': 'Neutral'}]"
Centene and UFP Industries have been highlighted as Zacks Bull and Bear of the Day,https://www.tradingview.com/news/zacks:047307d73094b:0-centene-and-ufp-industries-have-been-highlighted-as-zacks-bull-and-bear-of-the-day/,20260610T121028,[],"Zacks Equity Research has named Centene Corporation (CNC) as its ""Bull of the Day"" due to its impressive turnaround, strong financial performance, and positive earnings outlook in the healthcare sector. Conversely, UFP Industries (UFPI) has been designated as the ""Bear of the Day"" due to significant vulnerabilities, broad-based demand weakness, and ongoing margin compression stemming from its ties to the struggling housing and construction markets. The article also includes a discussion on SpaceX's anticipated IPO, comparing it to Tesla's market entry while highlighting the potential risks associated with its high valuation.",,TradingView,General,TradingView,"[{'topic': 'earnings', 'relevance_score': '0.905773'}, {'topic': 'ipo', 'relevance_score': '0.839348'}, {'topic': 'financial_markets', 'relevance_score': '0.824126'}, {'topic': 'life_sciences', 'relevance_score': '0.720630'}, {'topic': 'real_estate', 'relevance_score': '0.633021'}]",0.075549,Neutral,"[{'ticker': 'UFPI', 'relevance_score': '1.000000', 'ticker_sentiment_score': '-0.405048', 'ticker_sentiment_label': 'Bearish'}, {'ticker': 'CNC', 'relevance_score': '0.941312', 'ticker_sentiment_score': '0.470780', 'ticker_sentiment_label': 'Bullish'}, {'ticker': 'TSLA', 'relevance_score': '0.602024', 'ticker_sentiment_score': '0.124177', 'ticker_sentiment_label': 'Neutral'}, {'ticker': 'NVDA', 'relevance_score': '0.591006', 'ticker_sentiment_score': '0.142039', 'ticker_sentiment_label': 'Neutral'}]"
From $4 To $500? Eric Jackson's Bold Thesis Pitches Opendoor As Real Estate's Tesla Moment,https://www.benzinga.com/markets/equities/26/06/53111178/from-4-to-500-eric-jacksons-bold-thesis-pitches-opendoor-as-real-estates-tesla-moment,20260610T120939,['Rishabh Mishra'],"Eric Jackson, founder of EMJ Capital, suggests that Opendoor (NASDAQ: OPEN) could achieve a ""$500 stock"" valuation within five to seven years, representing an 11,420.73% upside from its current trading price. This bold prediction is based on his belief that Opendoor is uniquely positioned to revolutionize the housing market through the tokenization of real estate, separating land ownership from physical structures to lower homeownership costs and attract institutional capital. Jackson posits that Opendoor, unlike its competitors, possesses critical advantages such as asset-class control, pricing-data depth, vertical integration, and leadership with ""crypto-native architecture experience,"" making it a generational investment opportunity similar to early Tesla and Shopify.","https://cdn.benzinga.com/cdn-cgi/image/width=850,format=auto,quality=85/files/images/story/2026/06/10/Apex--North-Carolina---August-25-2025-Op.jpeg",Benzinga,General,Benzinga,"[{'topic': 'real_estate', 'relevance_score': '0.935142'}, {'topic': 'financial_markets', 'relevance_score': '0.826684'}, {'topic': 'technology', 'relevance_score': '0.729500'}, {'topic': 'blockchain', 'relevance_score': '0.602762'}, {'topic': 'earnings', 'relevance_score': '0.619811'}]",0.345366,Somewhat-Bullish,"[{'ticker': 'OPEN', 'relevance_score': '1.000000', 'ticker_sentiment_score': '0.382900', 'ticker_sentiment_label': 'Bullish'}, {'ticker': 'TSLA', 'relevance_score': '0.729339', 'ticker_sentiment_score': '0.336099', 'ticker_sentiment_label': 'Somewhat-Bullish'}]"
Centene and UFP Industries have been highlighted as Zacks Bull and Bear of the Day,https://finance.yahoo.com/sectors/healthcare/articles/centene-ufp-industries-highlighted-zacks-123800991.html,20260610T120930,['Zacks Equity Research'],"Zacks Equity Research has named Centene Corporation (CNC) as its Bull of the Day due to its impressive turnaround, recovering margins, and strong earnings estimates, positioning it for continued outperformance in the healthcare sector. Conversely, UFP Industries (UFPI) has been designated the Bear of the Day, grappling with broad demand weakness, falling volumes, and margin compression across all segments, driven by challenges in the housing and construction markets. The article also provides a speculative discussion on SpaceX's upcoming IPO, comparing its potential to Tesla's past success.",https://s.yimg.com/ny/api/res/1.2/kTNw1J_DF35UcVRLRAEH3A--/YXBwaWQ9aGlnaGxhbmRlcjt3PTk2MDtoPTYwNQ--/https://media.zenfs.com/en/zacks.com/31bd29e54b1564eed55c540c698fcb76,Yahoo Finance,General,Yahoo Finance,"[{'topic': 'earnings', 'relevance_score': '0.930111'}, {'topic': 'financial_markets', 'relevance_score': '0.929018'}, {'topic': 'life_sciences', 'relevance_score': '0.835142'}, {'topic': 'real_estate', 'relevance_score': '0.718935'}, {'topic': 'technology', 'relevance_score': '0.648675'}]",0.118223,Neutral,"[{'ticker': 'UFPI', 'relevance_score': '1.000000', 'ticker_sentiment_score': '-0.629625', 'ticker_sentiment_label': 'Bearish'}, {'ticker': 'CNC', 'relevance_score': '0.943478', 'ticker_sentiment_score': '0.508073', 'ticker_sentiment_label': 'Bullish'}, {'ticker': 'TSLA', 'relevance_score': '0.704109', 'ticker_sentiment_score': '0.148648', 'ticker_sentiment_label': 'Neutral'}, {'ticker': 'NVDA', 'relevance_score': '0.646370', 'ticker_sentiment_score': '0.334701', 'ticker_sentiment_label': 'Somewhat-Bullish'}]"
Tesla struggles with long robotaxi wait times in Austin with less than 60 vehicles in operation (TSLA:NASDAQ),https://seekingalpha.com/news/4602125-tesla-struggles-with-long-robotaxi-wait-times-in-austin-with-less-than-60-vehicles-in,20260610T115548,['Clark Schultz'],"Tesla is reportedly experiencing significant challenges with its robotaxi service in Austin, with customers facing long wait times and booking difficulties. Bloomberg's test rides revealed waits of up to 30 minutes, indicating a limited operational capacity with fewer than 60 vehicles. This suggests that Tesla's robotaxi deployment is facing scalability issues in its early stages.",https://static.seekingalpha.com/cdn/s3/uploads/getty_images/2270088546/image_2270088546.jpg?io=getty-c-w630,Seeking Alpha,General,Seeking Alpha,"[{'topic': 'technology', 'relevance_score': '0.848297'}, {'topic': 'energy_transportation', 'relevance_score': '0.733652'}]",-0.418868,Bearish,"[{'ticker': 'TSLA', 'relevance_score': '1.000000', 'ticker_sentiment_score': '-0.427101', 'ticker_sentiment_label': 'Bearish'}]"
"Is the 2026 Subaru Uncharted a Good Crossover EV? 5 Pros, 2 Cons",https://www.cars.com/articles/is-the-2026-subaru-uncharted-a-good-crossover-ev-5-pros-2-cons-525606/,20260610T110949,['Jim Travers'],"The 2026 Subaru Uncharted is a new crossover EV introduced by Subaru, boasting over 300 miles of range and a competitive starting price. It’s part of a joint venture with Toyota, sharing many characteristics with the Toyota C-HR but tuned with Subaru's outdoor persona. This review highlights five pros, including reasonable range, light off-roading capability, good tech, decent value, and cabin comfort, alongside two cons: the rapidly increasing price for AWD and its limited off-road capability compared to traditional Subarus.",https://images.cars.com/cldstatic/wp-content/uploads/subaru-uncharted-2026-03-exterior-profile-orange-scaled.jpg,Cars.com,General,Cars.com,"[{'topic': 'energy_transportation', 'relevance_score': '0.917361'}]",0.064499,Neutral,"[{'ticker': 'CARS', 'relevance_score': '0.321485', 'ticker_sentiment_score': '0.016227', 'ticker_sentiment_label': 'Neutral'}, {'ticker': 'F', 'relevance_score': '0.708705', 'ticker_sentiment_score': '0.121674', 'ticker_sentiment_label': 'Neutral'}, {'ticker': 'GM', 'relevance_score': '0.646620', 'ticker_sentiment_score': '0.139453', 'ticker_sentiment_label': 'Neutral'}, {'ticker': 'TSLA', 'relevance_score': '0.572242', 'ticker_sentiment_score': '-0.128030', 'ticker_sentiment_label': 'Neutral'}]"
VinFast posts wider first-quarter loss as revenue and deliveries miss expectations (VFS),http://www.msn.com/en-us/money/companies/vinfast-posts-wider-first-quarter-loss-as-revenue-and-deliveries-miss-expectations-vfs/ar-AA25aKsA?ocid=finance-verthp-feeds&apiversion=v2&domshim=1&noservercache=1&noservertelemetry=1&batchservertelemetry=1&renderwebcomponents=1&wcseo=1,20260610T103909,[],"VinFast (VFS) reported a wider first-quarter loss, with revenue and electric vehicle deliveries falling short of expectations. The company recorded a net loss of $641 million, an increase from both the previous quarter and the same period last year. Despite a 26% year-over-year rise in revenue, it missed analyst estimates, as did its EV deliveries which totaled 9,689 units.",,MSN,General,MSN,"[{'topic': 'earnings', 'relevance_score': '0.912870'}, {'topic': 'financial_markets', 'relevance_score': '0.845388'}, {'topic': 'energy_transportation', 'relevance_score': '0.708202'}, {'topic': 'manufacturing', 'relevance_score': '0.608127'}, {'topic': 'ipo', 'relevance_score': '0.644709'}]",-0.154864,Somewhat-Bearish,"[{'ticker': 'VFS', 'relevance_score': '1.000000', 'ticker_sentiment_score': '-0.391346', 'ticker_sentiment_label': 'Bearish'}, {'ticker': 'TSLA', 'relevance_score': '0.631626', 'ticker_sentiment_score': '0.111033', 'ticker_sentiment_label': 'Neutral'}]"
General Motors plots sodium-ion tech leapfrog into grid-scale energy storage market,https://www.energy-storage.news/general-motors-plots-sodium-ion-tech-leapfrog-into-grid-scale-energy-storage-market/,20260610T102245,['Andy Colthorpe'],"General Motors (GM) is entering the grid-scale energy storage market by partnering with sodium-ion battery startup Peak Energy and making a strategic investment in the company. GM will develop prototype sodium-ion cells for grid applications at its Michigan R&D facility, aiming for production this year. This move is part of GM's broader distributed energy strategy, which also includes LFP cell production for near-term demand, bidirectional vehicle-to-grid (V2G) applications, and second-life battery energy storage systems (BESS).",https://www.energy-storage.news/wp-content/uploads/2026/06/GM-Sodium-ion-coating-in-lab-1024x570.jpg,Energy-Storage.News,General,Energy-Storage.News,"[{'topic': 'energy_transportation', 'relevance_score': '0.944112'}, {'topic': 'manufacturing', 'relevance_score': '0.804041'}, {'topic': 'technology', 'relevance_score': '0.723131'}]",0.226144,Somewhat-Bullish,"[{'ticker': 'GM', 'relevance_score': '1.000000', 'ticker_sentiment_score': '0.484561', 'ticker_sentiment_label': 'Bullish'}, {'ticker': 'F', 'relevance_score': '0.610686', 'ticker_sentiment_score': '0.118114', 'ticker_sentiment_label': 'Neutral'}, {'ticker': 'TSLA', 'relevance_score': '0.621974', 'ticker_sentiment_score': '0.147430', 'ticker_sentiment_label': 'Neutral'}]"
Autonomous Trucking Stock Aurora Is Finally Hitting the Fast Lane,https://www.morningstar.com/stocks/autonomous-trucking-stock-aurora-is-finally-hitting-fast-lane,20260610T100947,['Jillian Moore'],"Aurora Innovation's stock is gaining momentum, with shares up over 60% this year, as the company expands its partnerships in the autonomous trucking sector. Morningstar analyst Seth Goldstein is optimistic about Aurora's future, predicting a significant ramp-up in autonomous long-haul trucking by the end of 2026 and potential for exponential growth over the next decade. Despite regulatory hurdles and initial stock struggles, Aurora is shifting to a more profitable ""driver as a service"" model and is positioned as a market leader, with Goldstein setting a fair value estimate of $12 per share.",https://cloudfront-us-east-1.images.arcpublishing.com/morningstar/MDNZDZJBPVA73EZNMRZQPIZNUI.jpg,Morningstar,General,Morningstar,"[{'topic': 'technology', 'relevance_score': '0.849362'}, {'topic': 'energy_transportation', 'relevance_score': '0.739752'}]",0.270002,Somewhat-Bullish,"[{'ticker': 'AUR', 'relevance_score': '1.000000', 'ticker_sentiment_score': '0.521749', 'ticker_sentiment_label': 'Bullish'}, {'ticker': 'TSLA', 'relevance_score': '0.605146', 'ticker_sentiment_score': '0.135643', 'ticker_sentiment_label': 'Neutral'}, {'ticker': 'NVDA', 'relevance_score': '0.631535', 'ticker_sentiment_score': '0.106848', 'ticker_sentiment_label': 'Neutral'}]"
"Brand Asset Management Group Inc. Has $350,000 Holdings in Tesla, Inc. $TSLA",https://www.marketbeat.com/instant-alerts/filing-brand-asset-management-group-inc-has-350000-holdings-in-tesla-inc-tsla-2026-06-10/,20260610T072454,['MarketBeat'],"Brand Asset Management Group Inc. significantly reduced its stake in Tesla (NASDAQ:TSLA) by 83.2% in the fourth quarter, now holding 778 shares valued at $350,000. This reduction comes amid other institutional investors adjusting their positions and recent insider selling, including transactions by Tesla's Director Kathleen Wilson-Thompson and CFO Vaibhav Taneja. Despite a 3% drop in share price, analysts maintain a ""Hold"" rating with an average target price of $404.37, driven by mixed sentiments regarding Tesla's valuation and future prospects in autonomy and energy.",https://www.marketbeat.com/logos/tesla-inc-logo-1200x675.png?v=20221020135629,MarketBeat,General,MarketBeat,"[{'topic': 'earnings', 'relevance_score': '0.942326'}, {'topic': 'financial_markets', 'relevance_score': '0.947439'}, {'topic': 'technology', 'relevance_score': '0.829171'}, {'topic': 'energy_transportation', 'relevance_score': '0.726456'}, {'topic': 'finance', 'relevance_score': '0.627300'}]",0.147571,Neutral,"[{'ticker': 'TSLA', 'relevance_score': '1.000000', 'ticker_sentiment_score': '0.128019', 'ticker_sentiment_label': 'Neutral'}]"
"Elon Musk Praises Tesla's 'Awesome' AI Chip Team, Says AI6 May Set New Wafer Intelligence Record",https://www.benzinga.com/markets/tech/26/06/53107258/elon-musk-praises-tesla-awesome-ai-chip-team-ai6-wafer-intelligence-record,20260610T060846,['Shomik Sen Bhattacharjee'],"Elon Musk lauded Tesla's AI chip design team, stating that their AI6 chip could achieve a new record for usable intelligence from a wafer due to its focus on manufacturability. This strategy aims to maximize computing power from each production run by designing chips that are more resilient to defects. Tesla plans for the AI6 chip to double performance over its predecessor and intends to collaborate with Samsung and TSMC for its production, as part of a larger push towards reducing reliance on external foundries.","https://cdn.benzinga.com/cdn-cgi/image/width=1300,format=auto,quality=85/files/images/story/2025/07/24/article-header-background-image.png",Benzinga,General,Benzinga,"[{'topic': 'technology', 'relevance_score': '1.000000'}, {'topic': 'manufacturing', 'relevance_score': '0.807566'}]",0.2449,Somewhat-Bullish,"[{'ticker': 'TSLA', 'relevance_score': '0.980619', 'ticker_sentiment_score': '0.264464', 'ticker_sentiment_label': 'Somewhat-Bullish'}, {'ticker': 'INTC', 'relevance_score': '0.602141', 'ticker_sentiment_score': '0.152671', 'ticker_sentiment_label': 'Somewhat-Bullish'}]"
"ETB: Good Income Fund, But High Tech Exposure Could Be A Risk",https://seekingalpha.com/article/4913587-etb-good-income-fund-but-high-tech-exposure-could-be-a-risk,20260610T054047,['Power Hedge'],"The Eaton Vance Tax-Managed Buy-Write Income Fund (ETB) offers an 8.33% yield through an index call-writing strategy, providing income and mitigating downside risk. While it has underperformed the S&P 500 in recent bull markets, its strategy may be beneficial in volatile conditions. The fund's sector allocation, with lower tech and higher financials/energy exposure, provides diversification against sector-specific risks, and it currently trades at an 8.22% NAV discount.",https://static.seekingalpha.com/cdn/s3/uploads/getty_images/885294104/image_885294104.jpg?io=getty-c-w630,Seeking Alpha,General,Seeking Alpha,"[{'topic': 'financial_markets', 'relevance_score': '0.923681'}, {'topic': 'finance', 'relevance_score': '0.802056'}, {'topic': 'technology', 'relevance_score': '0.727095'}, {'topic': 'economy_macro', 'relevance_score': '0.634680'}, {'topic': 'energy_transportation', 'relevance_score': '0.616385'}]",-0.08768,Neutral,"[{'ticker': 'ETB', 'relevance_score': '1.000000', 'ticker_sentiment_score': '0.132955', 'ticker_sentiment_label': 'Neutral'}, {'ticker': 'TSLA', 'relevance_score': '0.615640', 'ticker_sentiment_score': '-0.128219', 'ticker_sentiment_label': 'Neutral'}, {'ticker': 'MU', 'relevance_score': '0.638870', 'ticker_sentiment_score': '-0.120692', 'ticker_sentiment_label': 'Neutral'}, {'ticker': 'JPM', 'relevance_score': '0.626928', 'ticker_sentiment_score': '-0.119199', 'ticker_sentiment_label': 'Neutral'}]"
EHang Holdings Ltd. Sponsored ADR Class A Trade Ideas — TRADEGATE:3UIA,https://www.tradingview.com/symbols/TRADEGATE-3UIA/ideas/page-2/,20260610T053858,"['AlphaTradingAcademy', 'JorgeMz10', 'Tiger Brokers', 'SUPERGENERAL610', 'gkd710', 'AlenCiken', 'PropNotes', 'Michael_Wang_Official', 'gamer456148', 'GustavoFusaro', 'SLOPolarBear', 'UnknownUnicorn1043646', 'dchua1969', 'Tester-123', 'CCInvesting', 'dmcosta', 'EWFcw', 'ridethemwaves', 'NoMythe', 'Topclasstrader', 'jwickman']","This article compiles various trade ideas and analyses for EHang Holdings Ltd. (EH) from different traders on TradingView. Discussions range from technical analysis and price predictions to reactions to a short report by Wolfpack Research, which alleged fabricated revenues and empty facilities. Traders share long-term bullish outlooks, caution against volatility, and provide strategies for managing risk when trading EH stock.",https://s3-symbol-logo.tradingview.com/ehang-limited--big.svg,TradingView,General,TradingView,"[{'topic': 'financial_markets', 'relevance_score': '1.000000'}]",0.176744,Somewhat-Bullish,"[{'ticker': 'EH', 'relevance_score': '1.000000', 'ticker_sentiment_score': '0.075820', 'ticker_sentiment_label': 'Neutral'}, {'ticker': 'TSLA', 'relevance_score': '0.612421', 'ticker_sentiment_score': '0.303674', 'ticker_sentiment_label': 'Somewhat-Bullish'}]"
TSLA Stock Hits 1-Month Low Amid SpaceX Merger Jitters — But Analyst Sees Tesla Holders Getting 66% Of Deal Within A Year,https://stocktwits.com/news-articles/markets/equity/tsla-spacex-merger-analyst-tesla-holders-deal-within-a-year/cZ06PtoR7Ry,20260610T030846,['Deepti Sri'],"Tesla (TSLA) stock hit a one-month low due to speculation about a potential merger with SpaceX. Despite market jitters, Morningstar predicts that Tesla shareholders could receive 66% of a combined entity, noting increasing collaboration between the two companies in AI and other areas. However, analysts also point out significant risks, including shareholder opposition and regulatory challenges from Tesla's China operations.",https://news.stocktwits-cdn.com/large_Elon_Musk_Tesla_Space_X_jpg_450731eb31.webp,Stocktwits,General,Stocktwits,"[{'topic': 'ipo', 'relevance_score': '0.948170'}, {'topic': 'mergers_and_acquisitions', 'relevance_score': '0.929787'}, {'topic': 'financial_markets', 'relevance_score': '0.816635'}, {'topic': 'technology', 'relevance_score': '0.733086'}, {'topic': 'energy_transportation', 'relevance_score': '0.636940'}]",-0.133238,Neutral,"[{'ticker': 'TSLA', 'relevance_score': '1.000000', 'ticker_sentiment_score': '-0.168972', 'ticker_sentiment_label': 'Somewhat-Bearish'}]"
"[Form 4] Tesla, Inc. Insider Trading Activity",https://www.stocktitan.net/sec-filings/TSLA/form-4-tesla-inc-insider-trading-activity-6d3f6c3a950d.html,20260609T230853,[],"Tesla's Chief Financial Officer, Vaibhav Taneja, engaged in insider trading activity, selling 2,605.5 shares of common stock valued at approximately $1.05 million. This sale was primarily to satisfy tax withholding obligations related to the vesting of restricted stock units. The Form 4 filing details the transactions and Taneja's remaining direct and indirect holdings in Tesla stock.",,Stock Titan,General,Stock Titan,"[{'topic': 'finance', 'relevance_score': '1.000000'}, {'topic': 'financial_markets', 'relevance_score': '0.842931'}]",-0.22015,Somewhat-Bearish,"[{'ticker': 'TSLA', 'relevance_score': '1.000000', 'ticker_sentiment_score': '-0.221453', 'ticker_sentiment_label': 'Somewhat-Bearish'}]"
REX TSLA Growth & Income ETF announces weekly distribution of $0.1970,https://www.msn.com/en-us/money/topstocks/rex-tsla-growth-income-etf-announces-weekly-distribution-of-0-1970/ar-AA25dlPY,20260609T203924,[],REX TSLA Growth & Income ETF has announced a weekly distribution of $0.1970 per share for its shareholders. This distribution will be paid on a specified future date to shareholders of record as of a particular cutoff date. The ex-dividend date is also provided.,,MSN,General,MSN,"[{'topic': 'earnings', 'relevance_score': '0.909133'}, {'topic': 'financial_markets', 'relevance_score': '0.747800'}]",0.099341,Neutral,"[{'ticker': 'TSII', 'relevance_score': '0.348191', 'ticker_sentiment_score': '0.002278', 'ticker_sentiment_label': 'Neutral'}, {'ticker': 'TSLA', 'relevance_score': '0.707971', 'ticker_sentiment_score': '0.104286', 'ticker_sentiment_label': 'Neutral'}]"
Avoiding Lag: Real-Time Signals in (TSLP) Movement,https://news.stocktradersdaily.com/news_release/1/Avoiding_Lag:_Real-Time_Signals_in_TSLP_Movement_060926081802_1781050682.html,20260609T201800,['Quantitative Research Desk - Contributor'],"This article provides a real-time signal analysis for Kurv Yield Premium Strategy Tesla ETF (TSLP), highlighting a weak near and mid-term sentiment that could challenge a positive long-term outlook. It details specific institutional trading strategies, including position, momentum breakout, and risk hedging, along with multi-timeframe signal analysis and support/resistance levels. The analysis aims to help investors optimize position sizing and minimize drawdown risk.",https://news.stocktradersdaily.com/media/813574_TSLP_graph.jpg,Stock Traders Daily,General,Stock Traders Daily,"[{'topic': 'financial_markets', 'relevance_score': '0.935663'}, {'topic': 'economy_macro', 'relevance_score': '0.647365'}]",-0.087332,Neutral,"[{'ticker': 'TSLP', 'relevance_score': '1.000000', 'ticker_sentiment_score': '-0.219083', 'ticker_sentiment_label': 'Somewhat-Bearish'}, {'ticker': 'TSLA', 'relevance_score': '0.649150', 'ticker_sentiment_score': '0.107396', 'ticker_sentiment_label': 'Neutral'}]"
A Nissan Leaf by Another Name: Mitsubishi Unveils 2027 Eclipse Sportback EV,https://www.cars.com/articles/a-nissan-leaf-by-another-name-mitsubishi-unveils-2027-eclipse-sportback-ev-525754/,20260609T194022,['Damon Bell'],"Mitsubishi has unveiled images of the 2027 Eclipse Sportback, an electric vehicle based on the redesigned 2026 Nissan Leaf. While technical details and pricing are not yet available, Mitsubishi confirmed cosmetic changes will differentiate it from the Leaf. The Eclipse Sportback is expected to go on sale by early fall 2026, marking Mitsubishi's return to the all-electric vehicle market since the i-MiEV was discontinued after the 2017 model year.",https://images.cars.com/cldstatic/wp-content/uploads/mitsubishi-eclipse-sportback-2027-exterior-oem-03.jpg,Cars.com,General,Cars.com,"[{'topic': 'energy_transportation', 'relevance_score': '0.909326'}, {'topic': 'manufacturing', 'relevance_score': '0.708126'}]",0.106167,Neutral,"[{'ticker': 'CARS', 'relevance_score': '0.303914', 'ticker_sentiment_score': '0.030039', 'ticker_sentiment_label': 'Neutral'}, {'ticker': 'F', 'relevance_score': '0.731077', 'ticker_sentiment_score': '0.118720', 'ticker_sentiment_label': 'Neutral'}, {'ticker': 'GM', 'relevance_score': '0.714678', 'ticker_sentiment_score': '0.142742', 'ticker_sentiment_label': 'Neutral'}, {'ticker': 'TMUS', 'relevance_score': '0.637410', 'ticker_sentiment_score': '0.111476', 'ticker_sentiment_label': 'Neutral'}, {'ticker': 'TSLA', 'relevance_score': '0.607176', 'ticker_sentiment_score': '0.101696', 'ticker_sentiment_label': 'Neutral'}]"
Major auto parts maker open to assembling Chinese vehicles in Canada,https://www.detroitnews.com/story/business/autos/2026/06/09/major-auto-parts-supplier-magna-hopes-to-grow-with-chinese-automakers/90459549007/,20260609T193700,['Summer Ballentine'],"Magna International, a major global automotive supplier headquartered in Canada, is open to assembling Chinese vehicles in Canada if the plans are long-term. CEO Swamy Kotagiri emphasized that Magna aims to grow with Chinese automakers expanding globally, leveraged by their existing production and systemic knowledge from nearly two decades of operation in China. This strategy follows Magna's recent contract to build two models for Chinese EV maker XPENG in Austria and aligns with growing ties between Canadian companies and Chinese automakers due to shifting trade dynamics.",,The Detroit News,General,The Detroit News,"[{'topic': 'manufacturing', 'relevance_score': '0.944169'}, {'topic': 'energy_transportation', 'relevance_score': '0.820258'}]",0.160315,Somewhat-Bullish,"[{'ticker': 'MGA', 'relevance_score': '1.000000', 'ticker_sentiment_score': '0.475251', 'ticker_sentiment_label': 'Bullish'}, {'ticker': 'F', 'relevance_score': '0.622471', 'ticker_sentiment_score': '0.105066', 'ticker_sentiment_label': 'Neutral'}, {'ticker': 'GM', 'relevance_score': '0.617052', 'ticker_sentiment_score': '0.146847', 'ticker_sentiment_label': 'Neutral'}, {'ticker': 'TSLA', 'relevance_score': '0.564682', 'ticker_sentiment_score': '-0.136191', 'ticker_sentiment_label': 'Neutral'}]"
What to know about upcoming SpaceX IPO,https://www.ally.com/stories/invest/what-to-know-ipos/,20260609T191004,['Frank Newman'],"SpaceX is filing its S-1 prospectus to go public via an IPO, aiming to raise nearly $75 billion with a target valuation of $1.8 trillion. The article explains the IPO process, where private companies offer shares to public investors, and highlights the risks involved, such as demand uncertainty, price volatility, and historically mixed returns for newly public companies. Frank Newman, Portfolio Director at Ally Invest, advises investors to conduct thorough research and consider if an IPO fits their investment strategy and risk tolerance, also mentioning diversification strategies.",,Ally,General,Ally,"[{'topic': 'ipo', 'relevance_score': '1.000000'}, {'topic': 'financial_markets', 'relevance_score': '0.840593'}, {'topic': 'finance', 'relevance_score': '0.738288'}]",0.189803,Somewhat-Bullish,"[{'ticker': 'ALLY', 'relevance_score': '0.911123', 'ticker_sentiment_score': '0.343734', 'ticker_sentiment_label': 'Somewhat-Bullish'}, {'ticker': 'NDAQ', 'relevance_score': '0.810479', 'ticker_sentiment_score': '0.222224', 'ticker_sentiment_label': 'Somewhat-Bullish'}, {'ticker': 'MSFT', 'relevance_score': '0.604406', 'ticker_sentiment_score': '0.119812', 'ticker_sentiment_label': 'Neutral'}, {'ticker': 'AAPL', 'relevance_score': '0.610586', 'ticker_sentiment_score': '0.125377', 'ticker_sentiment_label': 'Neutral'}, {'ticker': 'TSLA', 'relevance_score': '0.601224', 'ticker_sentiment_score': '0.129900', 'ticker_sentiment_label': 'Neutral'}]"
Tesla Wins Denmark Green Light For FSD Expansion — But TSLA Stock Slips,https://stocktwits.com/news-articles/markets/equity/tesla-wins-denmark-green-light-for-fsd-expansion/cZ0Ukm1R7RS,20260609T180909,['Anan Ashraf'],"Tesla has received approval from the Danish Road Traffic Authority for its Full Self-Driving (FSD) driver assistance software to be used on public roads in Denmark. This expansion follows similar approvals in other European nations like the Netherlands, Lithuania, and Estonia, though EU-wide approval is still pending. Despite this progress in FSD expansion, Tesla's stock (TSLA) slipped 4%, and retail sentiment remained bearish, amid distractions and delays related to other company ventures.",https://news.stocktwits-cdn.com/large_tesla_stock_jpg_9d4cbf6a46.webp,Stocktwits,General,Stocktwits,"[{'topic': 'technology', 'relevance_score': '0.841205'}, {'topic': 'energy_transportation', 'relevance_score': '0.701156'}, {'topic': 'financial_markets', 'relevance_score': '0.600363'}]",-0.197328,Somewhat-Bearish,"[{'ticker': 'TSLA', 'relevance_score': '1.000000', 'ticker_sentiment_score': '-0.152216', 'ticker_sentiment_label': 'Somewhat-Bearish'}]"
"Tesla (TSLA) Rolls Out Unsupervised Robotaxis in Austin Metro Area, Reuters Reports",https://finance.yahoo.com/markets/stocks/articles/tesla-tsla-rolls-unsupervised-robotaxis-172433211.html,20260609T172438,['Noor Ul Ain Rehman'],"Tesla (NASDAQ: TSLA) is expanding its unsupervised robotaxi service throughout the Austin Metro area, a move reported by Reuters in early June. This initiative is central to Tesla's growth strategy, which has pivoted towards AI and robotics, aiming to accelerate its autonomous ride-hailing operations. Additionally, Estonia's transport authority recently cleared Tesla's FSD driver-assistance system for use on its roads, though it remains a Level 2 system requiring driver responsibility.",https://s.yimg.com/ny/api/res/1.2/D_Vr2SqRdkJBCWE.yOivNA--/YXBwaWQ9aGlnaGxhbmRlcjt3PTk2MDtoPTUzOA--/https://media.zenfs.com/en/insidermonkey.com/1277c6032fd09b727a10249a170024cf,Yahoo Finance,General,Yahoo Finance,"[{'topic': 'technology', 'relevance_score': '0.849800'}, {'topic': 'energy_transportation', 'relevance_score': '0.702257'}]",0.439971,Bullish,"[{'ticker': 'TSLA', 'relevance_score': '1.000000', 'ticker_sentiment_score': '0.421787', 'ticker_sentiment_label': 'Bullish'}]"
Yikes! Elon Musk's Robotaxi Fleet Is Smaller Than Pepsi's Doritos Truck Fleet,https://www.benzinga.com/markets/prediction-markets/26/06/53092439/yikes-elon-musks-robotaxi-fleet-is-smaller-than-pepsis-doritos-truck-fleet,20260609T153634,"['Daragh Thomas', 'Benzinga Staff Writer']","Despite Elon Musk's emphasis on autonomy, PepsiCo has a larger fleet of fully driverless trucks operating on public roads than Tesla's unsupervised robotaxi service, according to a recent Wall Street Journal report. PepsiCo's 41 driverless trucks, used for hauling snacks and beverages, have logged zero accidents and high on-time rates, while Tesla's robotaxi fleet is significantly smaller and faces skepticism from prediction markets regarding its future deployment. Tesla's market capitalization relies heavily on its autonomy thesis, but meaningful robotaxi fleet expansion and FSD software release are delayed.","https://cdn.benzinga.com/cdn-cgi/image/width=1300,format=auto,quality=85/files/images/story/2025/07/24/article-header-background-image.png",Benzinga,General,Benzinga,"[{'topic': 'technology', 'relevance_score': '0.824919'}, {'topic': 'earnings', 'relevance_score': '0.715684'}, {'topic': 'retail_wholesale', 'relevance_score': '0.641445'}, {'topic': 'energy_transportation', 'relevance_score': '0.604953'}]",0.057987,Neutral,"[{'ticker': 'PEP', 'relevance_score': '0.932266', 'ticker_sentiment_score': '0.254146', 'ticker_sentiment_label': 'Somewhat-Bullish'}, {'ticker': 'TSLA', 'relevance_score': '0.981320', 'ticker_sentiment_score': '-0.310037', 'ticker_sentiment_label': 'Somewhat-Bearish'}, {'ticker': 'WMT', 'relevance_score': '0.606750', 'ticker_sentiment_score': '0.065352', 'ticker_sentiment_label': 'Neutral'}, {'ticker': 'NVDA', 'relevance_score': '0.643157', 'ticker_sentiment_score': '0.060524', 'ticker_sentiment_label': 'Neutral'}, {'ticker': 'GOOGL', 'relevance_score': '0.644630', 'ticker_sentiment_score': '0.090749', 'ticker_sentiment_label': 'Neutral'}]"
Trump Media stock hits 52-week low at 3.8 USD,https://www.investing.com/news/company-news/trump-media-stock-hits-52week-low-at-38-usd-93CH-4733470,20260609T150905,['Investing.com'],"Trump Media & Technology Group’s equity warrants (DJTWW) have fallen to a 52-week low of $3.82, marking a significant 72% decline from their peak of $13.48. The company's stock has also seen a substantial 69.84% drop over the past year, with a 9.5% decrease in the last week alone, reflecting ongoing market pressures and negative investor sentiment.",https://i-invdn-com.investing.com/news/LYNXMPEDAF0IH_L.jpg,Investing.com,General,Investing.com,"[{'topic': 'financial_markets', 'relevance_score': '0.911652'}, {'topic': 'technology', 'relevance_score': '0.726026'}, {'topic': 'earnings', 'relevance_score': '0.629479'}]",-0.116198,Neutral,"[{'ticker': 'DJT', 'relevance_score': '0.302406', 'ticker_sentiment_score': '0.041422', 'ticker_sentiment_label': 'Neutral'}, {'ticker': 'AAPL', 'relevance_score': '0.609904', 'ticker_sentiment_score': '-0.407361', 'ticker_sentiment_label': 'Bearish'}, {'ticker': 'TSLA', 'relevance_score': '0.601342', 'ticker_sentiment_score': '-0.381159', 'ticker_sentiment_label': 'Bearish'}, {'ticker': 'NVDA', 'relevance_score': '0.612247', 'ticker_sentiment_score': '-0.094115', 'ticker_sentiment_label': 'Neutral'}, {'ticker': 'GOOGL', 'relevance_score': '0.622495', 'ticker_sentiment_score': '0.305561', 'ticker_sentiment_label': 'Somewhat-Bullish'}]"
"With The SpaceX IPO Imminent, Nvidia And Tesla Accelerate The Race For Physical AI",https://www.forbes.com/sites/drewbernstein/2026/06/09/with-the-spacex-ipo-imminent-nvidia-tesla-unitree-and-the-global-race-for-physical-ai/,20260609T143809,['Drew Bernstein'],"Nvidia and Tesla are leading the race in physical AI, pursuing different strategies to dominate the sector as the SpaceX IPO approaches. Nvidia focuses on being an ""arms dealer"" by providing platform infrastructure, partnering with hardware manufacturers globally, including China's Unitree Robotics. In contrast, Tesla under Elon Musk aims for vertical integration, building the entire AI stack for its Optimus robot, leveraging its existing FSD technology. This competition highlights the distinct approaches of the U.S. and China in developing embodied intelligence, with implications for labor economics, supply chain control, and national security, especially if a Tesla-SpaceX merger occurs.",https://imageio.forbes.com/specials-images/imageserve/6a281e215b4cb6b14d182113/TOPSHOT-CHINA-TECHNOLOGY-ROBOT/0x0.jpg?width=960,Forbes,General,Forbes,"[{'topic': 'technology', 'relevance_score': '0.902922'}, {'topic': 'ipo', 'relevance_score': '0.891674'}, {'topic': 'manufacturing', 'relevance_score': '0.744505'}, {'topic': 'economy_macro', 'relevance_score': '0.680980'}]",0.268482,Somewhat-Bullish,"[{'ticker': 'NVDA', 'relevance_score': '1.000000', 'ticker_sentiment_score': '0.440312', 'ticker_sentiment_label': 'Bullish'}, {'ticker': 'TSLA', 'relevance_score': '0.932634', 'ticker_sentiment_score': '0.302197', 'ticker_sentiment_label': 'Somewhat-Bullish'}, {'ticker': 'INTC', 'relevance_score': '0.623344', 'ticker_sentiment_score': '0.132635', 'ticker_sentiment_label': 'Neutral'}]"
Solidion Strengthens Battery Moat with 7 New Patents,https://finance.yahoo.com/sectors/technology/articles/solidion-strengthens-battery-moat-7-142833032.html,20260609T142800,['Karen Roman'],"Solidion Technology, Inc. announced it has been granted seven new U.S. patents for anode materials used in lithium batteries, bringing its total U.S. patents to 130. The company's anode technology aims to enhance AI data center uptime with higher energy density, lower costs, and domestically sourced materials. Solidion also raised $35 million through a stock sale to commercialize its Extreme-Climate Battery technology.",https://s.yimg.com/ny/api/res/1.2/sIlc5Rkj3Rb07rVolXSdHA--/YXBwaWQ9aGlnaGxhbmRlcjt3PTk2MDtoPTQwNQ--/https://media.zenfs.com/en/ipo_edge_com_346/03f28644eecf609e601613c89384c6d4,Yahoo Finance,General,Yahoo Finance,"[{'topic': 'ipo', 'relevance_score': '0.916327'}, {'topic': 'technology', 'relevance_score': '0.815501'}, {'topic': 'manufacturing', 'relevance_score': '0.735070'}, {'topic': 'finance', 'relevance_score': '0.644663'}, {'topic': 'energy_transportation', 'relevance_score': '0.606275'}]",0.49401,Bullish,"[{'ticker': 'STI', 'relevance_score': '0.985336', 'ticker_sentiment_score': '0.706328', 'ticker_sentiment_label': 'Bullish'}, {'ticker': 'TSLA', 'relevance_score': '0.631269', 'ticker_sentiment_score': '0.251212', 'ticker_sentiment_label': 'Somewhat-Bullish'}]"
"McDonald’s Stock Could Be Bottoming, Creating a Contrarian Bet for Long-Term Investors",https://www.barchart.com/story/news/2380179/mcdonalds-stock-could-be-bottoming-creating-a-contrarian-bet-for-long-term-investors,20260609T140805,['Jim Van Meerten'],"McDonald's stock (MCD) appears to be establishing a technical floor around $275-$280 after a period of consolidation, despite a recent 10% decline. Technical indicators show signs of bottoming, with a bullish divergence in the percentage price oscillator. Analysts maintain a ""Moderate Buy"" rating, with an average price target of $333, suggesting a potential 20% upside for this defensive, low-beta stock.",https://barchart-news-media-prod.aws.barchart.com/EXCLSV/4d4a333cb3f2fa9c0e41acc95772e96e/jfzvt3vepjgspgx3.png,Barchart.com,General,Barchart.com,"[{'topic': 'financial_markets', 'relevance_score': '0.922435'}, {'topic': 'retail_wholesale', 'relevance_score': '0.714754'}, {'topic': 'earnings', 'relevance_score': '0.612664'}]",0.201469,Somewhat-Bullish,"[{'ticker': 'MCD', 'relevance_score': '1.000000', 'ticker_sentiment_score': '0.336807', 'ticker_sentiment_label': 'Somewhat-Bullish'}, {'ticker': 'ORCL', 'relevance_score': '0.613540', 'ticker_sentiment_score': '0.146559', 'ticker_sentiment_label': 'Neutral'}, {'ticker': 'TSLA', 'relevance_score': '0.643149', 'ticker_sentiment_score': '0.175561', 'ticker_sentiment_label': 'Somewhat-Bullish'}]"
"Scott Galloway Says Tesla, Nvidia, Broadcom Could Get Caught In The Crossfire Of The Space X IPO",https://www.benzinga.com/markets/prediction-markets/26/06/53087487/scott-galloway-says-tesla-nvidia-broadcom-could-get-caught-in-the-crossfire-of-the-space-x-ipo,20260609T140707,['Daragh Thomas'],"NYU professor Scott Galloway warns that upcoming IPOs from companies like SpaceX, Anthropic, and OpenAI could create a significant ""supply flood"" in the equity market, potentially leading to an 80% collapse for one of these new market debuts. He suggests that investors reallocating funds to these new offerings might sell off existing holdings, impacting companies like Tesla, Nvidia, and Broadcom. While some analysts believe the market is large enough to absorb this, Galloway draws parallels to past tech booms and busts, indicating a potential correction.","https://cdn.benzinga.com/cdn-cgi/image/width=1300,format=auto,quality=85/files/images/story/2025/07/24/article-header-background-image.png",Benzinga,General,Benzinga,"[{'topic': 'ipo', 'relevance_score': '0.927562'}, {'topic': 'financial_markets', 'relevance_score': '0.833929'}, {'topic': 'technology', 'relevance_score': '0.709745'}]",-0.183115,Somewhat-Bearish,"[{'ticker': 'AVGO', 'relevance_score': '0.923816', 'ticker_sentiment_score': '-0.220369', 'ticker_sentiment_label': 'Somewhat-Bearish'}, {'ticker': 'NVDA', 'relevance_score': '0.868297', 'ticker_sentiment_score': '-0.239174', 'ticker_sentiment_label': 'Somewhat-Bearish'}, {'ticker': 'TSLA', 'relevance_score': '0.808886', 'ticker_sentiment_score': '-0.222012', 'ticker_sentiment_label': 'Somewhat-Bearish'}, {'ticker': 'GOOGL', 'relevance_score': '0.608700', 'ticker_sentiment_score': '0.073195', 'ticker_sentiment_label': 'Neutral'}, {'ticker': 'CSCO', 'relevance_score': '0.573109', 'ticker_sentiment_score': '-0.340104', 'ticker_sentiment_label': 'Somewhat-Bearish'}]"
2027 Rivian R2 First Drive: Time to Trade in Your Tesla,https://www.cars.com/articles/2027-rivian-r2-first-drive-time-to-trade-in-your-tesla-525485/,20260609T133909,['Aaron Bragman'],"The 2027 Rivian R2 is presented as a highly compelling mid-size electric SUV that offers a blend of luxury, capability, and technology at a competitive price, aiming to significantly expand Rivian's market reach. The article details its various trims, pricing, impressive interior space, advanced onboard tech, and excellent on-road and off-road driving performance. The author suggests the R2 is a well-rounded electric SUV without the common compromises found in competitors, positioning it as a strong contender in the EV market.",https://images.cars.com/cldstatic/wp-content/uploads/rivian-r2-performance-launch-edition-2027-07-exterior-front-angle-scaled.jpg,Cars.com,General,Cars.com,"[{'topic': 'energy_transportation', 'relevance_score': '0.903781'}]",0.083123,Neutral,"[{'ticker': 'CARS', 'relevance_score': '0.315195', 'ticker_sentiment_score': '0.039842', 'ticker_sentiment_label': 'Neutral'}, {'ticker': 'TSLA', 'relevance_score': '0.746658', 'ticker_sentiment_score': '0.222847', 'ticker_sentiment_label': 'Somewhat-Bullish'}, {'ticker': 'F', 'relevance_score': '0.634965', 'ticker_sentiment_score': '-0.125953', 'ticker_sentiment_label': 'Neutral'}, {'ticker': 'TMUS', 'relevance_score': '0.604384', 'ticker_sentiment_score': '0.120003', 'ticker_sentiment_label': 'Neutral'}]"
Brand Engagement Network forms AI health joint venture with Intervent International,https://www.investing.com/news/sec-filings/brand-engagement-network-forms-ai-health-joint-venture-with-intervent-international-93CH-4732425,20260609T111107,['Investing.com'],"Brand Engagement Network (NASDAQ:BNAI) has established Intervent Health AI, Inc., a 50/50 joint venture with Intervent International, LLC. This new entity will focus on developing and commercializing AI-powered health coaching solutions, combining Brand Engagement Network’s conversational AI with Intervent’s clinical methodologies. The venture includes exclusive commercialization agreements for North America through SKYE AI USA, LLC, and non-exclusive reseller arrangements internationally, with both founding companies holding equal ownership stakes.",https://i-invdn-com.investing.com/news/moved_LYNXMPEL3D0BJ_L.jpg,Investing.com,General,Investing.com,"[{'topic': 'mergers_and_acquisitions', 'relevance_score': '0.900915'}, {'topic': 'technology', 'relevance_score': '0.808185'}, {'topic': 'life_sciences', 'relevance_score': '0.747169'}, {'topic': 'finance', 'relevance_score': '0.626161'}]",0.104468,Neutral,"[{'ticker': 'BNAI', 'relevance_score': '1.000000', 'ticker_sentiment_score': '0.335319', 'ticker_sentiment_label': 'Somewhat-Bullish'}, {'ticker': 'AKAM', 'relevance_score': '0.554899', 'ticker_sentiment_score': '0.006608', 'ticker_sentiment_label': 'Neutral'}, {'ticker': 'GOOGL', 'relevance_score': '0.554287', 'ticker_sentiment_score': '0.000438', 'ticker_sentiment_label': 'Neutral'}, {'ticker': 'TSLA', 'relevance_score': '0.523269', 'ticker_sentiment_score': '0.018055', 'ticker_sentiment_label': 'Neutral'}, {'ticker': 'AMZN', 'relevance_score': '0.511171', 'ticker_sentiment_score': '0.029770', 'ticker_sentiment_label': 'Neutral'}]"
What Happens If Tesla and SpaceX Merge?,https://www.morningstar.com/stocks/what-happens-if-tesla-spacex-merge,20260609T100437,"['Seth Goldstein', 'CFA and Nicolas Owens']","Morningstar analysts examine the potential for a merger between Tesla and SpaceX, driven by Elon Musk's desire for consolidation and increasing AI collaboration between the companies. While a merger presents strong business cases like streamlined operations and shared AI development, significant hurdles exist, including divergent long-term goals, regulatory concerns, and especially the challenge of agreeing on valuation and equity distribution that satisfies both Tesla and SpaceX shareholders, given SpaceX's high valuation multiples. They expect discussions to intensify after SpaceX's IPO.",https://cloudfront-us-east-1.images.arcpublishing.com/morningstar/47GKM3IWQ5EINDL2JLC2MNNEIM.jpg,Morningstar,General,Morningstar,"[{'topic': 'ipo', 'relevance_score': '0.800091'}, {'topic': 'mergers_and_acquisitions', 'relevance_score': '1.000000'}, {'topic': 'financial_markets', 'relevance_score': '0.849924'}, {'topic': 'energy_transportation', 'relevance_score': '0.726723'}, {'topic': 'technology', 'relevance_score': '0.708177'}]",0.015153,Neutral,"[{'ticker': 'TSLA', 'relevance_score': '0.314769', 'ticker_sentiment_score': '0.020966', 'ticker_sentiment_label': 'Neutral'}]"
Wolfspeed’s new chip tech designed to boost EV range and charging efficiency,https://www.stocktitan.net/news/WOLF/wolfspeed-unveils-the-industry-s-lowest-rds-on-silicon-carbide-si-c-6mjxfzk5uo8k.html,20260609T100321,['NULL'],"Wolfspeed has introduced its fifth generation of Silicon Carbide (SiC) MOSFET technology, which significantly improves efficiency for 1200 V and 750 V automotive and industrial applications. This new Gen 5 technology, built on a 200 mm manufacturing platform, reduces specific on-resistance by up to 27%, leading to increased EV mileage range, better charging infrastructure efficiency, and more compact system designs. The technology also enhances durability with an improved junction temperature and provides a low-risk path to market for customers.",https://mms.businesswire.com/media/20260609876239/en/2826777/4/Gen5_Chart-TOGO-WHITE.jpg,Stock Titan,General,Stock Titan,"[{'topic': 'technology', 'relevance_score': '0.906867'}, {'topic': 'manufacturing', 'relevance_score': '0.838640'}, {'topic': 'energy_transportation', 'relevance_score': '0.723867'}, {'topic': 'finance', 'relevance_score': '0.607027'}]",0.312499,Somewhat-Bullish,"[{'ticker': 'WOLF', 'relevance_score': '1.000000', 'ticker_sentiment_score': '0.498245', 'ticker_sentiment_label': 'Bullish'}, {'ticker': 'GE', 'relevance_score': '0.719189', 'ticker_sentiment_score': '0.324200', 'ticker_sentiment_label': 'Somewhat-Bullish'}, {'ticker': 'TSLA', 'relevance_score': '0.605844', 'ticker_sentiment_score': '0.239166', 'ticker_sentiment_label': 'Somewhat-Bullish'}, {'ticker': 'AMD', 'relevance_score': '0.625597', 'ticker_sentiment_score': '0.113984', 'ticker_sentiment_label': 'Neutral'}]"
"Tesla, Inc. $TSLA Shares Acquired by Focus Partners Advisor Solutions LLC",https://www.marketbeat.com/instant-alerts/filing-tesla-inc-tsla-shares-acquired-by-focus-partners-advisor-solutions-llc-2026-06-09/,20260609T083834,['MarketBeat'],"Focus Partners Advisor Solutions LLC significantly increased its stake in Tesla ($TSLA) by 10.1% in the fourth quarter, bringing its total holdings to $23.22 million. Several other institutional investors also adjusted their positions in the electric vehicle producer. The article also highlights recent positive and neutral news surrounding Tesla, including analyst ratings, price targets, and insider trading activities.",https://www.marketbeat.com/logos/tesla-inc-logo-1200x675.png?v=20221020135629,MarketBeat,General,MarketBeat,"[{'topic': 'earnings', 'relevance_score': '0.920646'}, {'topic': 'financial_markets', 'relevance_score': '0.800508'}, {'topic': 'energy_transportation', 'relevance_score': '0.706837'}]",0.431266,Bullish,"[{'ticker': 'TSLA', 'relevance_score': '1.000000', 'ticker_sentiment_score': '0.468835', 'ticker_sentiment_label': 'Bullish'}]"
