title,link,published_at,source,date
Tesla Is Worth More Than The Next 10 Car Companies Combined - Yahoo Finance,https://news.google.com/rss/articles/CBMikwFBVV95cUxQMEdZMFVNWUVfeWRwaXk4dmZaX21GX29hS1cxMUQtdkdyQlR1QmxVSTZLblVEWXBVcTFuYWlUNnNOYnhzOUxtZmJMX2RtU2JnMVJBSFBlZ0VHelMweGk5emlsRkFMdW5lTGE2SDNDdU5fUjlfeUZvOTYtMHZlZVd1ZXJaQmM1Q0VjclRlUV94TkxyMDg?oc=5,2026-06-11 16:26:35+00:00,Yahoo Finance,2026-06-11
Tesla Is Worth More Than The Next 10 Car Companies Combined - 24/7 Wall St.,https://news.google.com/rss/articles/CBMipgFBVV95cUxNdFRxRWRVUDB3bUpLWXFCc0paNnk4UUs0WmRpRUVOZU1NaTRJSVBoZnVHQU9UbVJvdUkzbXhNUENsaFBBVFZoYUF1ZE14ZDJpUEdDMHJCNnA3bHBvUW5fMGdlZU4yVUlhSUoyVU5SMTM1akl3dkVfeDBsZFU5NXM3Z0poSDJMUlVYWEtwMGZCMnppeXNqU3lnM3FaVG53RWEzUkVwcW5R?oc=5,2026-06-11 16:26:35+00:00,24/7 Wall St.,2026-06-11
Musk’s Net Worth Down More Than $50 Billion Ahead Of SpaceX IPO - Forbes,https://news.google.com/rss/articles/CBMizwFBVV95cUxNWERPTzVoRzRia21HQWtfNktqb1NXT1BnOU5JYlFOLTh3VkFWT0FGSW1ZVy04dHVhb1RIcFQwLWhaa3UyZm1HclVyeVBpNFBjQXNIRWRKYVJHYVRmOF9LN3AzOW84bUlrYUs0NHBtbG1iRlNueVJydFZVRHJ3Rnhycmk5d1ZPUXNDN29xWEY0RkRTaWRrU0FTdEdIbElwaGFuMzFkR1Y0Z3JYMms2N0RpdHZUWlExMXJndHNHLThsY1lnVTNScFhWeTIxbXFtNnM?oc=5,2026-06-11 16:24:14+00:00,Forbes,2026-06-11
Is It Time to Buy Rivian Stock as R2 Deliveries Begin? - The Motley Fool,https://news.google.com/rss/articles/CBMimAFBVV95cUxNRHNCZTlobmlILUU0RzlsYkNjQUFzaXRJSXRNMHpOSml0Q1RTa3FTcnNTcENkRlVsZHJTSGJDMU4yVFptTnIxczVZYnFIeWtEZGF2M1Bod2h4dGFvNGw3WWwzWGZlcHpxTm14YzRVSl84NGdNTU90V2lBdDlibUtydm1QaE9OUG1hcm9jRlBwaXhiTTVhNVlSNQ?oc=5,2026-06-11 16:23:20+00:00,The Motley Fool,2026-06-11
How Tesla’s Stock Listing in 2010 Enabled SpaceX’s I.P.O. - The New York Times,https://news.google.com/rss/articles/CBMigAFBVV95cUxQR1lqc1c1ME05N1l1QW5fWV9VWi1KNEJ6VDljUkJBMWZfYUFjV191Zjl4UzZ6S2JQZ3U3eGJpTVhqQ1B1TU1KTVVmc3VUVkpmRDE3bnp3NG1yUlJJMUFZZ2xuN0NIWjhSOFFDWmw2YkhoendzUFlTcXZaN3VUQW45LQ?oc=5,2026-06-11 15:15:44+00:00,The New York Times,2026-06-11
An army of everyday investors is ready to launch the SpaceX IPO - MSN,https://news.google.com/rss/articles/CBMi2wFBVV95cUxNVURNZF9tOV9LOEtJaVp0aUpnMFZnaFU3T2xzWmNURjRocEgtUDBGNnNtSmZNNXhzY1BHWDdNUU9McnRSMzNtNWxxbDBleUdqQlFIQWhsTUtBVVZBX3hPN3lqN2ZUOE9iUVZVNFdJMjNGQmZRY0gxUWlQUEIzWDBqcFltZEVNOU8wTmdzX0xLbERCSDExSUo1X3pXU0RsVG45N3BkN3c0X0ZMd3B2VXh6Zm1TZ0o4LXZkUlRLbmd6YkZhNWhTMk9LM000b0RVUFVwTVVoeDBXUUhQeFk?oc=5,2026-06-11 14:37:00+00:00,MSN,2026-06-11
I Am Buying Tesla Before The Market Fully Prices The SpaceX Effect (NASDAQ:TSLA) - Seeking Alpha,https://news.google.com/rss/articles/CBMiqwFBVV95cUxQakhRWjRDUVVmajIwcklGTUt5UWNxcW4ydTgtOVFsV25jZGdGVWdYSUFYTFhmTEVtLWhPUm81ZGVDSUJmRDNwQlk2WC0tSV82eGhYVTJhbXVIMXhZRFVYOW9ZX1dMVW1ib2RHOXJiWHlvVk1kdzROVzNLbWRvdnFSbTl1b1VOQlhmRjhjT2Vua1RQVHNQeEExTE1PVWV1UWhXcmVSX3FnQ1E3eEU?oc=5,2026-06-11 14:17:34+00:00,Seeking Alpha,2026-06-11
Where Will Tesla Stock Be in 3 Years? - AOL.com,https://news.google.com/rss/articles/CBMieEFVX3lxTFA1QkdlYV9pZ1paOWZTXzdLdHBsS0VfVTVLbmdscWFvN0xSZ1R2cFpWV0tNOURGSEhpcGRWczdGWFZxSWxIbk9TQ1NVQ1hudTFZYVk0T3EyU2t5Rzl5OENLRGN0MmtXVHZNeVpKZHRvWWNseTlRZXpmYQ?oc=5,2026-06-11 13:45:12+00:00,AOL.com,2026-06-11
Oppenheimer raises Tesla stock price target on storage demand - Investing.com,https://news.google.com/rss/articles/CBMivgFBVV95cUxNdVZVS2FiWGNab2NaZVdSTmxiNWtrWWR6Yy1nRTcxTTN1dE45WmFoaDAzZlNTS0lNckR4SGZDajdCQXYzNDd6SktFLXh6TkhsSnRoZG5GWmNXUkY0LXhXZXJld3V5TnBzcWFCTUx3ak5MVlZrUkdreEtXR2xONWxWdk1xa2JTX1Jzb2dPbGFXcmYwYm02X205RnlSei1yZFg3UklTMWkyeWhESFlHOUdfOWpIUDN5NlJvZGRjNWp3?oc=5,2026-06-11 13:25:35+00:00,Investing.com,2026-06-11
Musk To Pitch Terafab Semiconductor Factory To ASML Ahead Of SpaceX IPO - Investor's Business Daily,https://news.google.com/rss/articles/CBMilAFBVV95cUxNMWdhcGdaYlZWdmNBd0I0bTVFbXBUZk9JWExiWlpHejIzLUlGNVBTUVlBZVJNaEdHSmlfY2pTMjJmVlZqTkQ1Y3ZYeGlMcnhXMFlpSWVWdlNYbDVIcGxHT2djZE9iX19JaWE4UmVhb2hwbFA4SWN5UGJOejhRSUVBWG93SXNnX1RmUGFJbVFTa3Y2WjZa?oc=5,2026-06-11 12:41:00+00:00,Investor's Business Daily,2026-06-11
"MP who helps shape AI, auto policy owns Palantir, Tesla stock - Investigative Journalism Foundation",https://news.google.com/rss/articles/CBMia0FVX3lxTE1oWk9FamZ5Nm95LXRYLWxFZjd4cTI5TkFZUGtjU0xCQnh5TU9Xem93OTRmdldzdUpnekI3OE10SUN6VXBwQWpfZTFLWml1TnRhcmlCVEhlVHctUlRkQmZhaTd4MlpGTjV5aFhr?oc=5,2026-06-11 12:32:30+00:00,Investigative Journalism Foundation,2026-06-11
Tesla Shares Bounce After Belgium FSD Approval Puts Eyes Back on Europe Autonomy - TechStock²,https://news.google.com/rss/articles/CBMiowFBVV95cUxNSW5IOTlVUWNEMXUtWm4tRG93MUtYZi1BUXNVWmhDYUhPdzBEMjV6YzNscTVkLWh2YTQwcmUzSDNGUElNZ0NIWXJOWGZJSVRadHhJejJwRXVmblRHc2NnY25oNW1GODkxSUZJNWZkd2dXZ01NUWdKTjI5dExfd2lmMTR1bVdXTm1SOVpGZFhja1VUbzhzZk54QS0yb0tMS040WG9N?oc=5,2026-06-11 11:23:56+00:00,TechStock²,2026-06-11
"Elon Musk's SpaceX listing is full of landmines, just like Tesla's - Houston Chronicle",https://news.google.com/rss/articles/CBMirwFBVV95cUxQcmVWTzJHNU1RNUpObmZEOHBfa0R6TGx2UXN4bnNEb2xQQkZkeG91NzRhWVBRdjZhYkdZUXYtcUZLMFMxQUhfOFRqWUtlck56cVNJU2FXblBQdzBla0h4X244Vno5OGtMekxuS29pN1VJejJpR2lzV2Q4dm14NmJLd0x2SXlIY1Q3aWs4cmt5Wmw3Y2ZfRzV5OXYtUjF3YmdqMDBDa09iNXhKcHlIOEx3?oc=5,2026-06-11 11:04:43+00:00,Houston Chronicle,2026-06-11
Oppenheimer reiterates Tesla stock rating on storage demand - Investing.com,https://news.google.com/rss/articles/CBMiuwFBVV95cUxPRHRjMl9wWUQteWNJZVhTc1lYZlNJd1h4N1pvX3FkLW9YSUxzWFpuNFdfcTNiQ1lFOUpwek1GYUYxZmoyZWdGQUxNaDlwckRGRlVGcDdPZDBUcl9Bb21xbG16Z1VNOW50aUN6aExocmVfR1M4aS1EdkM4RDR3T0xsclRhbDMzcGJhaVNOTmR6eDMtY0FLOTNzWnFuSGVEUFdTeElMbUduazYxR0tYcXZZcUdfRml3aW1vWkZV?oc=5,2026-06-11 11:02:17+00:00,Investing.com,2026-06-11
FY2026 EPS Estimates for Tesla Decreased by Erste Group Bank - MarketBeat,https://news.google.com/rss/articles/CBMitAFBVV95cUxNTng0a19CWWtGMS1hb1VQbnJwcV9sNmhPNHEtYlpXLTl4ZzJVd29GcC1xZ3h6a0NfZkVCbUV4cFEydEV0ZUNfS3ZrR3hNN0RDY09IeUlIRHVZLXVIMk5RcW1RX2FzUWxVTkFxYVNZWU5jUURtVVdqdkdhR09PeGM0ckZVSnBBVHpUaFBKN0VWZkNKd1c3cl9DdF9QN3NZdi1kdEMtQTR1eEtEcFpiSjRMckcwTFg?oc=5,2026-06-11 10:14:20+00:00,MarketBeat,2026-06-11
"🚨 TESLA STOCK HUGE MOVE TOMORROW! TSLA, SPY, QQQ, ES, NQ, NVDA, AAPL, META BTC Predictions! 🚀 Judi Dench (1REKNCDH64) - Fathom Journal",https://news.google.com/rss/articles/CBMiZEFVX3lxTE1GaEhycFktV2ZGaHEtWHdSeC1FVVlId25fTkNwMzUxMTROVGdkU1hYMXhNSGE5bWpMUFVTTDl1b2JaRjg3MFRWbUE3NUlVTzFCalVmNndKSjRCTmN0X2dpVk03V3A?oc=5,2026-06-11 09:31:35+00:00,Fathom Journal,2026-06-11
SpaceX IPO: Why Tesla Investors Should Stay Put for the Long Game - Intellectia AI,https://news.google.com/rss/articles/CBMidkFVX3lxTE5wMEQ0TTZjZlg4LXZSdFQtOEF1dnhCMnNSaWg4djBVNmY4NWowTG9YYVdQdVZfTmdiYmFqdjJMTGh4cTIxMnBKdXRIOGRuRWs2MGY4UlI4cjAxSzBCemQ1MFh1eW9KRDVEaWZnaUt6V0djM3N2X1E?oc=5,2026-06-11 08:50:51+00:00,Intellectia AI,2026-06-11
"Dorsey & Whitney Trust CO LLC Raises Stake in Tesla, Inc. $TSLA - MarketBeat",https://news.google.com/rss/articles/CBMiuwFBVV95cUxOQmNSMmZJM05kQmJrQ19aQXR4RFJscWhhRGY1NThpcGJITllWcHowZWZ4cDhzNllYYkhqbldyLWZpeFNoeFpRcTBnSl8wVnBQa1hDdzl4MWZpTjhFeXBDQTdObm9qdDZNYURXZkMtRE5XT3JxVDFZX0pLN1BLNzlFdTMxN1hlTV9XTWdWam01eEZDaEVfUmdPbWFzTUNuQzZIUE5sUGhleldQVmZZSjRuY3RUZ2xPUF9YLWtn?oc=5,2026-06-11 08:36:05+00:00,MarketBeat,2026-06-11
The Number That Complicates The Tesla Stock Story - Trefis,https://news.google.com/rss/articles/CBMiuwFBVV95cUxNSDFNVm83YkdTZHBsZER0bkF5eXVEMWZFcmQyTVpLalFDbzE2N01PRzVjT2ZsQ1lZWlJZdmhKa2kyeVRqT0ZxUWlCeFJMZGtNZ0NVcXJPZzRjY1ZLYkdUY01Jc05sV2tRWTA5Y05ZNWxETHlmaFFlQUV2R1hxSWxLMWVoNnFtTEZSQ25FdWtwTzNYYzB6SWQtNktRUTB5MlgzMVFfa0Nrc0tXUXQ4ODF5NVpzclBXcnZKQi1R?oc=5,2026-06-11 07:07:01+00:00,Trefis,2026-06-11
"The SpaceX IPO Is Days Away: Could the Stock Join the S&P 500, and How Soon? - The Motley Fool",https://news.google.com/rss/articles/CBMimAFBVV95cUxQdXF6aldJTEpvRGc1SjVQLTdiM2R2TE55cGhuLW10QkxoMGZFX3hmY3pLVUlxWVhSN3FLNVAwck93UmtabGNlRmdsX0k2ZWstUmFDNzhCZy1TaktlZ3prVVQybWpwZEN0WXdRS0xYSVFnNGlhVVhwQ2V0MXF2aDQ2U25ySGYtajV6Vld1MlI3Njg0cmdXcnNpNQ?oc=5,2026-06-11 04:41:00+00:00,The Motley Fool,2026-06-11
TSLA Stock Sinks As SpaceX IPO Nears — Analyst Says Investors Are Selling Tesla To Catch A Day-1 Pop In Next Musk Trade - Stocktwits,https://news.google.com/rss/articles/CBMiuwFBVV95cUxPOWhTS3VHemxZNE92eHVGb0lhLW56UE5PaWJBblZkVzJCX21LR0hJZEN3bGpVRHoyQWRrUW9YekJGeGNmR0FncU5pUmEzWHBLWkxOVUNQRWhVcXNjR25MRkhGY21nSlQ2SmRxWWRaZFVKdWRSVU9HdU1NM25NUUtrOU1ZazNwMWh4dnc4TjIwS1hvQUgxOG5CanI2S1ptZGFFWTRFODlBVTg2WWtPSkRmbzJMS1pJRkF2VTNn?oc=5,2026-06-11 01:39:20+00:00,Stocktwits,2026-06-11
TSLA Stock Sinks As SpaceX IPO Nears — Analyst Says Investors Are Selling Tesla To Catch A Day-1 Pop In Next Musk Trade - Yahoo Finance,https://news.google.com/rss/articles/CBMilwFBVV95cUxOSEtXbHhndWxYM3FWYzAtdEZjNS1WMXJhTkhiYnBLMkdIVDFuSEtsN3FXU0EyZm9VUnpEemg1Q0g2dVZnQS1zakc3Mm5yek5WRjZKaGVha1JXNlItY2R3ZHcwOWhRSkJIWFhYZFQ1Q1BzbzZSOXhHbHl0dWJlaGxaX3Nxa1dacWNZSzR0WmdYaklBR3ZNOGpj?oc=5,2026-06-11 01:36:00+00:00,Yahoo Finance,2026-06-11
Red day on Wednesday for Tesla stock after losing 3.80% - StockInvest.us,https://news.google.com/rss/articles/CBMinwFBVV95cUxOUXZadXBQVWQ3ck9fQXZoNnFURU9fczFTU0Fid3BRMVpLM0lVdDJjY01ySUdSckRwaUF1NHJMTWg0eTQ5RnFLVldGYmhKMEpzdW12aHZkLVYtVHBlU25KRlhtd28yRXlwc00wcFQtbExrdThSaVBxWllSWVNBX19FODhCTUJ2RVZwSHBqTXZkbExnWlFTaHh2d1lzeDhYd0E?oc=5,2026-06-11 00:46:59+00:00,StockInvest.us,2026-06-11
On Tesla Becoming X (NASDAQ:TSLA) - Seeking Alpha,https://news.google.com/rss/articles/CBMibEFVX3lxTE55ODE1UWVBQnhBa05UVWtVcXpUZVRHMnVsYXRrY3hyT2wyblRkYlpFa3VMb3N3T0xGSUhpTlRIRnMyM0ZoTnhrT2RiT2tYdVZXcndDQTJJaUY2X3h3a2pxQnJ4aXRkVnRNYTRBbA?oc=5,2026-06-10 22:25:39+00:00,Seeking Alpha,2026-06-10
SpaceX IPO: Don't Buy the Stock Before You Understand the Company's $26.5 Trillion Pivot - The Motley Fool,https://news.google.com/rss/articles/CBMilAFBVV95cUxOMGxSV3plNVdOa1lacVoxd252dmExMzE0QTNlMUZyTjhyTTd1a3dlU0g4NlhPMDZ4NEh5LTJJNFZlTXBPQ2pVX0ltbVZRaU56eGE5TjN3RnY4V3AtSVhoM3dzdFZFYVVwb1FDaFEwbkMzNmh2NWRVMm82YnF3ZUM2WE01ZlBKZ09udXRLMlNGb1lpNkdB?oc=5,2026-06-10 22:15:00+00:00,The Motley Fool,2026-06-10
The SpaceX IPO Will Help Tesla Capture This $10 Trillion Market. Here's How. - The Motley Fool,https://news.google.com/rss/articles/CBMimAFBVV95cUxOX3pqNGpJY2llaERWQjZhdXNpb1dwZ2FGOVhjMGtQZXdtTjNHVXZ1dGU1NVN0dUtVNU53anZFVHRFZVVMbFpqRVU0Z2FRTEY3aEU4YVRWUGxiUUlzR2h3c28tckVVS01qeGMzLWgwSmNIOXJadWFLNjdFLWE0T0ZwOWVxQzhxUkpCeUpDQjE3bkY2amtQNW5HOA?oc=5,2026-06-10 22:00:00+00:00,The Motley Fool,2026-06-10
3 Reasons Tesla Stock Is So Volatile This Week - Barron's,https://news.google.com/rss/articles/CBMic0FVX3lxTFBBdm9zMTBkY3J4VlJwbUJERTJzQ3AyNF8wV1ZMV0xtbUlHMTZrZlpET2xTN01lV2pTa3ZRekJSS0RCNG9QNm95UUVvM3pHQjNNSVVycXhfMTBLUFJEdExsd1RKRks1MGhva1EtR3FPbzhwUWs?oc=5,2026-06-10 20:21:00+00:00,Barron's,2026-06-10
Tesla Stock Surges Into Bull Case as JPMorgan Lifts Target 227% - TradingView,https://news.google.com/rss/articles/CBMivwFBVV95cUxNbVZkSFY1NllJNFZ6RkpsaFQ4TjBFSzdudXc3R2tsbzBiRjIyN2UyTFEwaTZ5N3JYM00xVVFEU1phYnhnVnJ5Mng2ZnUzSTVJbTBvLUNjQkN6WHZFdE5kZ1Y3NzdQQzFyX1dIRXJBQll0NDluWlFoRzNvWnNMT0hOSS00cXJ4UEtFckY3Y09QMERrQUMwYVNPR1pLMzRGdVJiSkg0cHdCY2dpWWJuZS1wUlBhSXVILUpMUDZPaXFRcw?oc=5,2026-06-10 19:36:21+00:00,TradingView,2026-06-10
Tesla Stock Surges Into Bull Case as JPMorgan Lifts Target 227% - GuruFocus,https://news.google.com/rss/articles/CBMiowFBVV95cUxQNkNONWNUNzNhOFJqR1lpTERBV1hObmZrN2VmWFhLUl9qWGZQS0Q0TmI5SndKOXFoS1hteEpNQnQzNWQxLW0yVjZkR1hmcHJYYnduLXJZby1pS3F2WEVHcERxWGFsYTBmblNmUjFjZC00UDRtUEFaLVB3bllDYnpoSmtldEdWa3RscDlaT1VEWUhRYmZHSjVrclp0NG16VG8zRnUw?oc=5,2026-06-10 19:23:26+00:00,GuruFocus,2026-06-10
2 Stocks That Could Soar from SpaceX's $26.5 Trillion Artificial Intelligence (AI) Empire - The Motley Fool,https://news.google.com/rss/articles/CBMimAFBVV95cUxQRlRfMklfTGFVa0lVdUYyYU1oU2ZtV0IzNkFiYTdXYXl4djhXQlpPNWRLSnR2ZDR0Sk1TbE5TNHFKc3hjcENVcFNzVS1GMlF2b2ZieGpBZDE4YzVXTUpJRi03TDFDSkp4Z2ZxV2JCRnhHd0RnUTBXb2VkZXAtU2MwOUxzYWpDWVZZdks5Ml96bW95Wlk4RTZxdQ?oc=5,2026-06-10 19:21:00+00:00,The Motley Fool,2026-06-10
"Tesla, AMD among market cap stock movers on Wednesday - Investing.com",https://news.google.com/rss/articles/CBMitAFBVV95cUxQTERLVlM0VjYxeHVUZVJYTHRUcmxhaUhHWFVKRmVkOU8ycEN0OE5sQmVfYjdFcUg2RXItNmd2dmVSbTVIdzhDU09aMEZTenF2NTdYT1JoM01SSTlXT2x1VDgtU29KTlNqZ2VrUUFBRzh5OHQ0c3UzTUl6djk2em9ZWmJEOHZvQkphLVhYUTlZMHYzYUoxcW8tdVRfeG5BNE5SOVVxZnEteGJsbHBZMlNUMDV0a1Y?oc=5,2026-06-10 18:04:44+00:00,Investing.com,2026-06-10
Tesla Inc Stock (TSLA) Moved Down by 3.43% on Jun 10: A Full Analysis - TradingKey,https://news.google.com/rss/articles/CBMiiwFBVV95cUxOWWZBckhtUm5WREZaekJiQ2RjSkd3WERtZjBVZmRYQkZvU3ZaMDVjQUctbVE0WmZWQnpyZEpmUGJJX3JGZXJ6bms5MDBlVlRkTjBjSlZlSVNCSjFnSk43UWhocWZWRHIwSnJjc1FndUpnM2VibUlzQXdlamM1TmFiemZCWjA2X095a3k0?oc=5,2026-06-10 17:15:36+00:00,TradingKey,2026-06-10
“Sub-50 Pence Per Hour”: Tesla Stock (NASDAQ:TSLA) Sinks as BYD Picks Up Charger Fight - TipRanks,https://news.google.com/rss/articles/CBMirwFBVV95cUxQblQybjZqaWUyOTl1czV3ZVZUdjBQQ2MwanplNWRRcVczcC1kQ2hqSXlSNWRhLVlia3pqVDFRWjY2bmVGTy0xeUFkempuNHdwSGRsaGNPb1lGQldBdVlsYWYwYkZKQ2dSTENwTWotZlBMQnVScnJPVlpmQUJDNk1jaDhVYVVpazdSdks5TzNoVlZSWDhrNk1lUE5VaDQyRkZoX2VwaXp2TW1iMkJmVE5R?oc=5,2026-06-10 17:11:51+00:00,TipRanks,2026-06-10
"Tesla: The Future Looks Bright, The Stock Does Not (NASDAQ:TSLA) - Seeking Alpha",https://news.google.com/rss/articles/CBMikwFBVV95cUxNMTljUjdBRXg0ZXNlZUVBSEltdmY5MVo1M0oxYnloQnZySF9vbXduUmxTOHhyQnlHaXZoeGl3MUhYU0g1UG5tU3VmSGhwZUNVV0k4UVBYZWkzd1NqVk9abDAwZWVSTFFnWTZyZnpjY1I0UThHdFNCTWF6eTd3MU1CZ3h2RElsM3I5bERYUDFaNWVpV1k?oc=5,2026-06-10 16:25:40+00:00,Seeking Alpha,2026-06-10
Prediction: Tesla Stock Will Hit $500 on This Date - AOL.com,https://news.google.com/rss/articles/CBMif0FVX3lxTE1aWEs3aDhLV01vNDZWSk15RXNzbDhvNkVZRzB2MmgyOF8yeHBaNTNpbUVuV05yOXFDZENOYXZYT0loZ3BTZHZkT2tueUl5WG9TQU01RmZPc0NsMHN4d0psN2t0eHZkTDNqTUV1T2Y4cWdJcURpTTdNdWt1MlpySkk?oc=5,2026-06-10 16:17:33+00:00,AOL.com,2026-06-10
Prediction: Tesla Stock Will Hit $500 on This Date - Yahoo Finance,https://news.google.com/rss/articles/CBMimwFBVV95cUxOTmRvdkJ6TlQwaEpkRmswNEFJRElHeGdjVVU3R0hEZ3NCc05nWEVaTlBucnliT0ZDdE8waGNXT0pBQldJejR3Uk9BRjZkeFEtLWNFbDJXVzZNSTJWXzVoaUNYOF9JRkVFQVhJMjNtWmNiSTlyelYzUlhrcERzV1U5MUVocWhxNnpabnBTT25pbVlNb09sSXlQd1ZnOA?oc=5,2026-06-10 16:09:43+00:00,Yahoo Finance,2026-06-10
"After taking over for Tesla's loudest bear, J.P. Morgan's new analyst lifts the stock target from $145 to $475 on a $3.9 trillion vision - Yahoo Finance",https://news.google.com/rss/articles/CBMinAFBVV95cUxPTXJYODNvdkJ6UHBnbmZSTURZc1V5SUcwOEdlcFN4aGVfZEpCcFRpaHpTdE8xMXJodnB0Nmk3MUxfeXRJX0JtcXI4YTE5eENwTEJRaUtRYkVfUTIwa0JQeUwwbGtxUDY4STRFNG1mUzJuaU1aSkVXM0pkRWNvcng1VDJBX3JNbWdVWHBfRV92WWlpbHphS3FWZS1EMC0?oc=5,2026-06-10 15:54:00+00:00,Yahoo Finance,2026-06-10
Tesla Stock: FSD Approved In Denmark; Elon Musk Says This About AI Chips - Investor's Business Daily,https://news.google.com/rss/articles/CBMipAFBVV95cUxOWDR2SFdFYVJoUGJOZnBOc25IUmlRblgwSUxQdGs2T0Q4alRRcnctaTJaOUdxWFBGQkp3dVhtM3dLSjBuNUxKeEc4UC1hejlDM0hnWVhJM0JuM01xZXNqeEhWNEd6NTF1N3B2a2N0QVYxM19PTnM4YzJ2RzN2bC1DaVNoV2ZvNHhqUC0zV2lyaURXcEdNLTZ3UTFCTXNmOU5uMXBGVg?oc=5,2026-06-10 15:38:00+00:00,Investor's Business Daily,2026-06-10
An Analyst Just Raised Tesla's Price Target by 227%—Here's Why - MarketBeat,https://news.google.com/rss/articles/CBMingFBVV95cUxQOFY2cl9YMDZrSEZjdDBRbnRoVFhtV1llTmtYQmJDUzVJMGx6aHJwNG5yejR2cUMwRkZlRnZmbkZ3LVp1aUw1ek5Jd2NZek1mQUZRSGp3N1FpNm5rZjNSelBsZmhZT3hOcE5OTzVGbm9fc29BMlQ2b3FGdnlfN29zd3dtS2lWZDJ3UzRKaEVBNVVhOHQwMWVRaXo0V0R6UQ?oc=5,2026-06-10 15:00:27+00:00,MarketBeat,2026-06-10
Forget Tesla: This Magnificent 7 Stock This Wins Every Time - 24/7 Wall St.,https://news.google.com/rss/articles/CBMipAFBVV95cUxOVENJaktoWmd3SlU2MUVHQjd5QVVSb0wyVUFBYlp5YmtlWENSV2gwQzJDb1dZbVpjMWlHWmRZaXpTWjRJTEMtblBMOEdwLWNUXzNkb05mWXVvUmlfWUlGWmxCdlFaUzRNTWVDYWNmT3l2c0hwcm1HdTlVVDIxUDdQcDRJcV9yQmhyVHBpd0JwQW9UYktiSW1YaFhGZm8yeHl6Sk1jWA?oc=5,2026-06-10 13:53:25+00:00,24/7 Wall St.,2026-06-10
"Tesla Has 'Effectively' Achieved Level 4 Autonomy, Says Piper Sandler Analyst – How A Trip To Minneapolis Strengthened His Conviction - Yahoo Finance",https://news.google.com/rss/articles/CBMioAFBVV95cUxPOE9tTE50MHZWYUdCcWdiM1hQYjJlbk0yUEdvR1FnSE11SHFHb0VMcDM4VnJ0enNkcEctNy11SVRUY2s4dDd6aUkyZ2tkUUpVM2NjbUpMSGtiby1JZlc2SER4bGFBN1RkS1dSOWVhZzFUSWxGUU9McG5GNFZWRUd0amUyV3huaWxTRlIxZF94MGRDTHUwRTJmeUFpdnhHOVZG?oc=5,2026-06-10 13:39:10+00:00,Yahoo Finance,2026-06-10
"Billionaire Investor Ron Baron Has Already Made at Least a 1,312% Return on His Fund's Investment in SpaceX. Here's What He Thinks the Stock Will Be Worth in 10 to 15 Years - The Motley Fool",https://news.google.com/rss/articles/CBMimAFBVV95cUxOSW5VWG52TnVrM280NWk0ZXJibklHRGl3TkxsRmsyREl6eUgxTFMwSFN2ZkZiLUliQ20yaWRPU0tFV2lqTUlBcG1PdFUzb3VWbXg5MWtQZFZaYV80SXBzOW9kOWJzOFVsUEJLdWRqYU9JUnlFTWZjM2RjeHZUODdCUEdZUFAtRW45WkpJRTdzN290LXFiS25mQw?oc=5,2026-06-10 13:05:00+00:00,The Motley Fool,2026-06-10
Piper Sandler reiterates Tesla stock rating on FSD progress - Investing.com,https://news.google.com/rss/articles/CBMiuwFBVV95cUxNejd2WnVfTlQxMHlmNHgzZjhXb3ZycUJMUXhGMEp2VG5NczZzSHV5SWxWUnBuSkxwQTcyemNRZ1UzQ2JwaEotdl9uNnkwTk9jbGR6Z21uSVJPX1YtYTB3YUY3SmQzaUFpQW9IUm42Ukx5ajRBZHdIVkx6RG9YUUR3ZVNUTXRBWmNQTUJIeTV6Y0RKRHBSNlpHaEZkV1RWN2xqaVlIV3dSdFB0X2EtbkZlbVp4WGlfY3c1cnR3?oc=5,2026-06-10 11:56:56+00:00,Investing.com,2026-06-10
3 reasons Tesla stock is so volatile this week - MSN,https://news.google.com/rss/articles/CBMixAFBVV95cUxNQXN6S0pMM2RxLWhJYVdZUjVLeV9PdnFGeDNJTzdQckp6T3l5M0o1a05FckxNZnBNZlVSTThSVVFYeFMxaDhudmtXMWF4bDJGRlZtU3Z5SXhrbDFyV3VTMmtpdk5rQW1GZFNVZTZMTTVTR0VZWVNFdmJpckkwNXZTRHh3MkRDZld5RS01b3Z6ZW1vdHNWNE53N1NKR1ozaFJWaGdCV0lieFZpZnc5N1hCMzJWS1p6U1M1TC1WLUJvaWxkUks4?oc=5,2026-06-10 11:26:15+00:00,MSN,2026-06-10
3 Reasons Tesla Stock Is So Volatile This Week -- Barrons.com - 富途牛牛,https://news.google.com/rss/articles/CBMinwFBVV95cUxPWDlWN25DdkRDVmE1R1NsZWh6d0w5ZURCYWRRM21nNlhJRWMyUVBLZzFZTkNGeFE0QlEtNm5ZSmRSeU1RZzBENE1YNWZXbjlFbzFMaFZKZWhlaDlKRFZuamVfNlN1M0dzM0FKTkFqYXJhUVNjQWxoWWF3SzYxQnc0aDE3d21KWm9YNGp2c0N2Y0xGS1JHN1NVT3IzYlEtUVU?oc=5,2026-06-10 11:09:45+00:00,富途牛牛,2026-06-10
TSLA Stock Hits 1-Month Low Amid SpaceX Merger Jitters — But Analyst Sees Tesla Holders Getting 66% Of Deal Within A Year - Yahoo Finance,https://news.google.com/rss/articles/CBMikgFBVV95cUxQUERaT3hIRDBlOUNodEJBb3F3anZWNHdaMnR3cEo4dldLYXR6dzlDdjNxVEpxSjNUZnFUZWtjYTIxSjRHWjZiTnBPVjM5Nk92YkFaLXBGeUU5c1NKR2tZR081Qk5STXA2RnZIaUh5aV9RbF84anU1QTR5T28tNnVFYjFBR2hITWx6T3BGSThub1JfZw?oc=5,2026-06-10 02:58:00+00:00,Yahoo Finance,2026-06-10
Tesla's China Sales Just Snapped a 2-Month Slump With a 22% Jump. Is the Turnaround Real? - The Motley Fool,https://news.google.com/rss/articles/CBMimAFBVV95cUxQUjl3MnJZQ3h3N1ZEY1RUb09FLXpGQUNJTFVlSkttcmlwUmg5ci1BRFQ2eGNhOFE3cWluTm5kTjJnZ1VIa0JSU2dsSlFhWV9PNFQyOGdEVXRFeXExY1cyTGpCU0Jjd0dobjRxRWJGeVpQUTM4S1U3ajZBa0szUi1RbWM3TUY0eDVDX0s4aUk1dTFjM2Y5NDg5dA?oc=5,2026-06-10 00:26:00+00:00,The Motley Fool,2026-06-10
"Tesla Stock: Cathie Wood’s First Robo-Taxi Ride, Dutch Safety Data Provide a Lift - Barron's",https://news.google.com/rss/articles/CBMimAFBVV95cUxQNEhVbTZuS2V4djNVWTU0LU1MSkczYlhNZEpfMXJjWDdycDd6Z3RIT054bzBmeVAzUUV1RWRWeHAtWVUyM3REVTJOM0wzUVdPTHpzSGRfZjh5SU1OTThudGlKN2VjV201dTRXd2ZING80c0lVdFdacFkySmtPUEk4SmFRbTBiZDc0eW44Y29mM1laRkItQ2xnRw?oc=5,2026-06-09 20:27:00+00:00,Barron's,2026-06-09
Tesla Stock Falls as SpaceX IPO Buzz Sparks Capital Rotation Fears - TradingView,https://news.google.com/rss/articles/CBMixAFBVV95cUxQcXJvc2VUYW1GOTdlckRLTGZjcXYwdEw1Y24wQllVYTdvYU5OWGs5LVBfaTZrVTZLdUppVDZwTGpEYkpPbVpIWDk5SEptdTB1OFozcHF3a09Lc3dsV18wdnk4RVAzMGVrU01zN3FUREJ2Z3c5ZTBBRmtJaHFaOGpJVVp0VUFFVjVxX0RRQXpWbmo2SjlHUHFrQkpQX3VyM0V2Q1R3YTlRRUEtZVJ5VGZxNUxESklhVnpVRmJHaFlaQkFtSkZz?oc=5,2026-06-09 19:26:47+00:00,TradingView,2026-06-09
Tesla Stock Is Under Pressure Today: What's Going On? - Benzinga,https://news.google.com/rss/articles/CBMisAFBVV95cUxNQ3VHbTFtejlQZklTWTFNTGNEU2ticHBtVUREa1o4ZEZPLTk3clpINUNLdlFnMURFVmZGTnFSMHBJNXVnMkN5Q2s0TWw4dHRRQ2tKaHBtNXROTl9qZzE1NUVHM09aeWxtUk5FUVM1VWptSnhHclhiQ3hTcEt6ZDEyaWNva3VxYnJsNS1NOHdnSFNIeWhmVHVHTUtDQ21fR2NBWV9zbEdFbWJvX2RWT2ZEZw?oc=5,2026-06-09 16:59:32+00:00,Benzinga,2026-06-09
Why is Tesla stock sliding today? - Investing.com,https://news.google.com/rss/articles/CBMimgFBVV95cUxPWVNKc2VXcDJHNVVCVW9PY0VsOFQ0LVdRdzh2aV9FV3BWYjdCTHhyMWZKWDhRUnhVZzRwQVJxNFBfMDhYRGQ5WXp3ZjNaYndQSGk5YzBWUFlNcW8xcHNUWE00d1hma2c1OW5GVi1WWEduYkJtRkEwR0d5U1dROTVvXzE2SE5yakgyY25sb2RLY2RVOTh5VkprRkpn?oc=5,2026-06-09 16:57:19+00:00,Investing.com,2026-06-09
SpaceX IPO Could Boost Tesla Stock as Elon Musk’s AI Empire Expands - FXEmpire,https://news.google.com/rss/articles/CBMiuAFBVV95cUxOMFhZWWxza0lJQjItOUZYOF9yMWZEVjVjYVR2cnhuc0hKckk5WFppcXo0a2tjYUpTNXVtS2djY21kU0VBOEhhS2VzOGFyT0RnYnMwTjBMNU5PeXN6NE5aY0o0YWJBeWJLZnpnZ2pieEpYZ3VKWWRoVTBvTXFnNmo2aXphRHJfeVltOW1IY0hCbU5OZjZDS3AzWWNRWU9kajdtUkVjNUwxcDFzSDJSeExUWWY4dEUxaXYx?oc=5,2026-06-09 16:55:00+00:00,FXEmpire,2026-06-09
Tesla Stock Wobbles As Elon Musk Lines Up The SpaceX IPO - Benzinga,https://news.google.com/rss/articles/CBMiuAFBVV95cUxONWRac0hmMUw1QXlxV0xjMnFUa3M1ZUhRY3QtYWZCNDJJWVdRcGd6b2lFY2x1QnAyaUlha2N4UFV5cFlKLV9PbTVkUXNMb3hBTGN4OUtDbTRtc1Q5QnNfVV9zQ0NkVjVaOWFrMHdBeS05cDBxN05lYjdXME1XZWtYMVFEVVIwQVhDblQ2UFd1VFpHVjJRTklDQ2dpVjJzMVRZLVlWdkhWT0w0dHhEeUdKRFVPd1Vpdlp6?oc=5,2026-06-09 15:49:10+00:00,Benzinga,2026-06-09
"Tesla Just Lost One of Its Biggest Bears, but Is the Stock a Buy? - The Motley Fool",https://news.google.com/rss/articles/CBMihwFBVV95cUxNcUxFZFlXZG5Qa0otbXZNejF1TmJLWnhUMldHbkYtaDN3MzhEczl2YXYzYWVQYXVwSXJNZG1CQmZ1OGRiemttaVZCVDQ0NWo5V0ZheFlrU2tDdmtMZ0ZPUVhxVUtxdzl6S2l2d0tBWWVOYXhBMWd4eENwU3c4ZU5qdGo2ZDBsNjQ?oc=5,2026-06-09 14:35:00+00:00,The Motley Fool,2026-06-09
"Tesla Just Lost One of Its Biggest Bears, but Is the Stock a Buy? - Yahoo Finance",https://news.google.com/rss/articles/CBMilwFBVV95cUxQV3dWR0ZieFc2X2Jwc2NhUjBOZ3dTb0RKbFY5bzk3NjBNTnEwRUQ0TWE1Rm11NzdFNWs1Q095RlIyS1NPNDJISmx2YjZ6UTdESjNveElHU01VZVhsTl9aOWVqYWNuamk0dWxwOG5FcDRzRU41MkppLUFsMTRxQ3hKY0JOclFvc3UzbjNhWEtvYWRTbDYyNDdN?oc=5,2026-06-09 13:55:00+00:00,Yahoo Finance,2026-06-09
Wolfe Flags a ‘Tricky Spot’ for Tesla Shares Days Before SpaceX IPO - eletric-vehicles.com,https://news.google.com/rss/articles/CBMiowFBVV95cUxPZTA2N3NxclBrMEg3UVdyQnBCOG45X21acUZtODRwNTM5SW50amNVUlhvSjhvakJnNWxtTEpySXNXSzh3eFpmOGJsUEdEMjVaY0lzM29ZMzlVZVlqWXZpclF6ajhTZ3BINV9seXlkWjdRMEdpY3Z1dXhwMGExcjMxdXJua2xWb3pReElfSC1JczEwTlZXS1FqS01qdzMwbXVYSVNF?oc=5,2026-06-09 12:04:53+00:00,eletric-vehicles.com,2026-06-09
Tesla Stock Is Up. Cathie Wood Takes Us on a Robo-Taxi Ride. -- Barrons.com - Moomoo,https://news.google.com/rss/articles/CBMijgFBVV95cUxOVWFPT0hJTjNLS1lPYUk1d05jbG5WbzVLaHo1Qnp5OWJVOGgxUkxIN1d3VTFlVVB4MnNoSFdFaXpRWnEteHJwbmtmT3FiU3RpWWJ6bGhLWE5tT3ZualF4ZWw1aWVPMGZQWUF4dUV4dV9nRThvZUp6WTRVcHJKenlwUzBwemlQTkcwYXNoTVBB?oc=5,2026-06-09 12:00:31+00:00,Moomoo,2026-06-09
Wolfe Research reiterates Peerperform on Tesla stock amid catalysts - Investing.com,https://news.google.com/rss/articles/CBMixgFBVV95cUxQWE03Mk9oVFlRcWlERGE0TXdRYXpENjg2MXlPNjNKQURJVGZodHdyWktRSzVtNlBET0tGWndiOGVZZXAteFhhUWhUbkVfQTV5ekFWbjFvQmgtQzlSMG81eWRpZkdFT3VWRXllcFRCZEFYdlJTZ0VhV1N0MWdUU0drdk5JZFZXU3lpMEFkVS1feUhVSlVwZXdScC1JMXdFUTFMT3pjeWNoTHYyQ1RUVVEwbFlXc05acTZxSzRBMXU0bTVWRHVWS2c?oc=5,2026-06-09 11:02:49+00:00,Investing.com,2026-06-09
What Happens If Tesla and SpaceX Merge? - Morningstar,https://news.google.com/rss/articles/CBMieEFVX3lxTFBiY0NnbDdVQ3JlLS1vR1pud3EyQl9fV3Y5NkEybF9JNnNkNHhab1V2RlI5Wl9KRWRPdTh3VE9GUHBoOWNwTGZ1Rm9TTVgyNnF2dGlkY1NfZkY4N0VmeXctcmRUSTA5S0lKSVRrOEN4QU9ZdHpPbDlFSQ?oc=5,2026-06-09 10:07:56+00:00,Morningstar,2026-06-09
"Tesla Stock Forecast | SpaceX Listing, Q1 Results - Capital.com",https://news.google.com/rss/articles/CBMifkFVX3lxTFB3TUtrVTV1Mm1fOHUtc3NTbnc4VVNxOUhYU3pUV1ZxQ1FUSTNLOGxmaWxpUTZpaEhTWWNOaGVHdkVBYnMzVHFvWXBkNW9rZlNiWjVya2JaNWJqaWtmQmFwaWtIN1NLY1lOOGtkWk5qTHdVU0tRWFRwZzd1aFRmZw?oc=5,2026-06-09 07:18:43+00:00,Capital.com,2026-06-09
Tesla Stock Is Down 7% in 2026. The Margin Recovery and Robotaxi Launch Suggest the Selloff Is Overdone - TIKR.com,https://news.google.com/rss/articles/CBMixgFBVV95cUxQVVBMblFLb0JRTWctaWI0alN6bC1Hb1VRbkprNVhQeUlRZFVVRGc5ZUpCOXh3aTdRcFZrNDF5MnprTm5JUnBvdzNUcllwYTJCdjhVdmIwN0pqdjY3N3dQaHBXblBzWUI4cFpYSlhfSUNlZ2JtbVZCWkxVaWhqZkN3TWpmZEhTUHJia1VBaHZNZlBUYzdwU2k2bFRWS3ZfZFZ3TGxuR0ZLMXVYRE1YNlBBTTk0TUNEd21NakEyeHNybmdaQzNDN0E?oc=5,2026-06-09 07:00:00+00:00,TIKR.com,2026-06-09
Why Is Tesla (TSLA) Stock Rocketing Higher Today - Yahoo Finance,https://news.google.com/rss/articles/CBMimwFBVV95cUxQbEdSMXc5MlZVWVRXNlp4ODcwSXFzT0J4MnZWQzdFd0J1RU5zTTZoS1ZsQTVQZE9nOS12WjBGLXZmM0FFYVhScm16MWZvTW5LaEZ3RUNWckZ3TXBJR2V1TThvRWtiLWY0YlZ4aS1WekRiMXF1MWJzSWtoVjZkQUYxeTcyQVZ0d1RTeWx6THhwVDFqV1hrN3Q1NFhtdw?oc=5,2026-06-09 03:41:00+00:00,Yahoo Finance,2026-06-09
"Micron, Intel, Tesla, Apple, Lilly, and More Stocks That Explain Today’s Market - Barron's",https://news.google.com/rss/articles/CBMiZkFVX3lxTE9IYi1DMlVxaG9ZZlZHejZlZ1I5YVI2MUhzQXdPOWo1M1hVQTdtalNfcHpJQzdSb0NOQmVKX3NmeklOcV9Fd25rUEc2OWc1VERVV2FWcGpONFZpRXVzWnc0ZXVycmNIUQ?oc=5,2026-06-08 20:26:00+00:00,Barron's,2026-06-08
Tesla Stock Rises Ahead of SpaceX’s Friday IPO - Barron's,https://news.google.com/rss/articles/CBMiekFVX3lxTE9IX1dfdURLSFI5X1o5TGRjS0hvN1ZYUFRHZ2tSb3FBZVdtTHgtSUp3RzRTR3VIUjJ6cWozNmFTS0F3QW1KNnZySHZXM3VCUlZ1SkhfeFVFZFd0TENUQWRnN1ZBdS1kWnVvSnJOaDd5anZfQVhSUHVPNzF3?oc=5,2026-06-08 20:16:00+00:00,Barron's,2026-06-08
Tesla China Retail Sales Jump 22%. The Stock Is Bouncing. - Investor's Business Daily,https://news.google.com/rss/articles/CBMid0FVX3lxTE93TnZBVEU3alBaQi1lb2RVU20ybGhUb1NVWVFMVHdhLWd6QldZbGhydGZQUG5IZUlRXzJQdnpVdnFtaGtNZE1oa29XUzR4ODVieU82RURqNjdYRzR4Y05pMTFWR2loSndmTllJbnJIS3FSczdpbmFj?oc=5,2026-06-08 20:01:00+00:00,Investor's Business Daily,2026-06-08
JPMorgan Just Dramatically Reversed Course on Tesla Because TSLA Stock Has Massive Physical AI Potential - Barchart.com,https://news.google.com/rss/articles/CBMi4gFBVV95cUxPS2ZJVzhNOHlkaTJCQ2lzY2FuUDJJSUlDbVFydHlTbFhxcURDNWgzNGo2UWxmUVlnRm1aLUo1TkJRdHZEbXFIanBzTi1rLWU1ckFzcndKZ1k3QnFIUTNuM1UtZ0MzY1pQcW1tVGktMHBEc25BYlFoaDRCMThiRTdjV1lTcWpHeXNBUnV6Z2NoNnBobHV1S0tNeXlOZG9JYldXd2l0U0loLUtDYXFyU2NEdG5haHc4cHI3OC1vTWNwLVd2a2JNcm1wbHFPVjJmYjBVeldzU0tMN3BCakNUMkpXdm9n?oc=5,2026-06-08 19:41:05+00:00,Barchart.com,2026-06-08
JPMorgan Just Dramatically Reversed Course on Tesla Because TSLA Stock Has Massive Physical AI Potential - Yahoo Finance,https://news.google.com/rss/articles/CBMiqwFBVV95cUxOcWZQNmJlMnY2Uk1WZWJINndELWRNeVl3bmhCTnhROGN5WFgwR0YxWVJzTkNZSWRNd0dTT0tLUGxIakRHOWxVWGhfMnVOb2k5UDZVUFRsX25KMWlNX1c2WE4wTDFkX19jNkx4MFFSQmxFei1JeTRRNlRlc1FYZGxzWmxqOURCVXVzVUpiV2c4OW5WbVpXZ2llR0RfNXc0d2dlQTYtM21oSXNGQVE?oc=5,2026-06-08 19:41:05+00:00,Yahoo Finance,2026-06-08
"At a $1.2 Trillion Market Cap, Is Tesla Stock Overvalued or Undervalued Right Now? - The Motley Fool",https://news.google.com/rss/articles/CBMilAFBVV95cUxQVW93aVpSa1UtdjZRVUhpV0cwalFhbDB2Xy02X0RvUHZFWTlFckFNSjlDTGxRbU1tSDM0T1g3aWxkWjdHM3Zpc0x4ODAzRUVJUk41VWowWk9SYXdmZmlrbi04YTlianB4bDBCSWJ0SFMyR3BCY1BZcjN1SjRMWFdoT2IxdDJKNHNkNzdxVFhrdXlhMmhR?oc=5,2026-06-08 17:15:00+00:00,The Motley Fool,2026-06-08
"At a $1.2 Trillion Market Cap, Is Tesla Stock Overvalued or Undervalued Right Now? - Yahoo Finance",https://news.google.com/rss/articles/CBMikgFBVV95cUxNVmZrZzJiRVFpNXE4a3VFeWRHZEU1RGd5Zy1BWlR1YnY2YWZBQ0lRQ2xxTi1QQ2F2WWhtUmNHMzBTakJPZUtHNDF6UVdFOGFocEk1bEpGWXpteGIyWVp0d1daWVBNSS1RYkpGeExjeVBmVkUtTnRJdEpSNFJUd1dvZW1vdG1uNXNGdURHM0dadmZJdw?oc=5,2026-06-08 16:35:00+00:00,Yahoo Finance,2026-06-08
"With SpaceX IPO Imminent, This Strategy In Options Trading Bets On Rotation Out Of Tesla Stock - Investor's Business Daily",https://news.google.com/rss/articles/CBMimAFBVV95cUxNZ1ZORFRLMHhfT0h4UU80X21mbG9sZDdIbEJHZlViTURfcDVjNm9kZlVac01RN19paTBJQzhVX251ODNYcEtGYmZFeDdMbnJ3QThnRWtqYnJoMnFyQlp2Y1FSdHpSSnRuenZMODFIV0hETlp2ODNPSkF4aWRaRjZoWkI4RElZS3J2alZ5TXpMa1Z5UWFscHpxeg?oc=5,2026-06-08 16:22:00+00:00,Investor's Business Daily,2026-06-08
Should Investors Sell Tesla Stock to Buy SpaceX? - Yahoo Finance,https://news.google.com/rss/articles/CBMimwFBVV95cUxOZ3g2VDVMdW9hRnFPVEhSMG5TTnNOWFRkZllKdzlaTlpWWndMS0tTUzRMbFZkeTZCcll1TFBXS29USlNDZGNyVzhQM0d2YTZVbjZaWEhuWWtlMnozLWN0Z3pBZGpOYWNWRWdVTk4zWmwwNmdFQnlwRTBEMEtzakJ5ZHhNVzVzSFE2UXhGU3VCM1FfMU1hZ0lhRXkycw?oc=5,2026-06-06 18:25:00+00:00,Yahoo Finance,2026-06-06
JPMorgan sets jaw-dropping Tesla stock price target - thestreet.com,https://news.google.com/rss/articles/CBMingFBVV95cUxOd1IzNWs1cmFnUzBfNFRvdjY2LVZTSmNIYjk4YjliNkZUQ1RyeWFKQm5HSlZDUDFNV01mLVdYeWswb2xsT1R3Ull3V0FJMGd2ZDVTcjBiejhSbXZtelhfa2JyTTF4RXRDNDF6M3J4OU9EOEZpU2xFV044OGxweGtQSXljejhOMmVqRFM2STJiNmJIaFIwS1VhckdRRTV0QQ?oc=5,2026-06-06 12:20:43+00:00,thestreet.com,2026-06-06
Tesla Stock Has One Less Sell Rating. J.P. Morgan Raises Its Price Target by 228%. - Barron's,https://news.google.com/rss/articles/CBMiggFBVV95cUxONU1aSEo4VzlGS19SM3IyNmlMUTBKOXVUd2s1ZWd3SUQwYUpKVy0wbXdSSWRUb0EzaGN3RW5uUVQ0T1JzeGtUblF2RWdXTlM2YjZRcGFzZ2ZzejlQdnZrRFI0YmpId1JMQjQ2MmFEdUNHVjBVVmdkSEE3ckN1WjE4djF3?oc=5,2026-06-05 20:24:00+00:00,Barron's,2026-06-05
Where Will Tesla Stock Be in 3 Years? - Yahoo Finance,https://news.google.com/rss/articles/CBMilAFBVV95cUxOcF80R0lBS1JHenJLaDZ2MlpkUTZ0WGpQVW1mcklJb3NkOWR5enNnSzRtWVRhdU1mdjFFSUlRUkRlaHhfZVFZb2t4aHNsYmJISHVwVmZuNnFlNnA0Nm1jTUNKbGZsQ3VHUll2Y2J6d1d2SlVCTVJJZVFmMzAyRDhDeWUxZHFCWjR6Ri1sU3hLclVMUElx?oc=5,2026-06-05 03:42:00+00:00,Yahoo Finance,2026-06-05
Tesla’s Robo-Taxis Are Finally Driving Themselves—but Not the Stock - Barron's,https://news.google.com/rss/articles/CBMieEFVX3lxTFB6SVJmaUpNUElQNDVsSnlkMmxPY3Fxc19fSWVKcXJnZkJpb1VfT0JaYWx2SWgtMVRlY2NzMjlfbmpQdG1NY2NYM2tUWGYzWDRDSThvaGtXSjdrUjVRUmw4Y3MyWk1qellQTUlraXZzY1drWmtHR1dqZQ?oc=5,2026-06-04 20:31:00+00:00,Barron's,2026-06-04
"Buy, Hold, or Sell: Is Tesla Stock a Sell Above $400? - 24/7 Wall St.",https://news.google.com/rss/articles/CBMilwFBVV95cUxQWnYxVTRFYzZzVHJ6WDN3ZDFCdlZhWEVwRmYzUzNxdW1KOXpxd1pod0duVFlReDZ5QjJYbjVaREtyVGJSOF9mTFBIak53MWRUbnhjbkp1OTBPLVFIYUZBMWNuUlV4ajVuNDQ5eUFGTHdmdjNia2N5RnFaVzBXdGFrazl2eFR4NDBjV1M0VjJfWkFZOURRQmxV?oc=5,2026-06-04 15:10:21+00:00,24/7 Wall St.,2026-06-04
Tesla Stock Falls. Blame Broadcom. -- Barrons.com - Moomoo,https://news.google.com/rss/articles/CBMijgFBVV95cUxPUXM1Z3g4VTNvTkpUV1pHSTV0Z0lGcG9DWVFXSXZ2RS1lcGFVcDRiVTNWYk5WLXUzTHRxNkNhYzVJdW5RR3JCU21VUkJMbVRTQUt2NGlVT3gtdjNCQzdHS3pweFBIUGtfdlMtbXBqc013VU5ZSjNCX3lKVFlaZm54cUtxX2ZidXVpdUxIc3hR?oc=5,2026-06-04 14:18:00+00:00,Moomoo,2026-06-04
"Tesla Stock Forecast | SpaceX Merger Speculation, Q1 Earnings - Capital.com",https://news.google.com/rss/articles/CBMifkFVX3lxTE05ZENkUjRRTjNCdXMtXy1tUjl6d3oxMk5OZVpyQW9NYi1ldC1nSjBJYTJSendVQzRoMENQQVRZSXhPNmlnOTFjclgtVDFaaURVTzZVc3VtcDRGVU45aHlzdFcyV0JadFhQdUhfNWFZX3ZjZE0wQnNIcHowYjExQQ?oc=5,2026-06-03 09:43:00+00:00,Capital.com,2026-06-03
3 Common Sense Reasons to Sell Tesla Stock and Buy the SpaceX IPO - Barchart.com,https://news.google.com/rss/articles/CBMirgFBVV95cUxNVG8yNEJkVXpxaEl3Z0JwaVRRVnM4UWdhS0J6X25hYjlNTk4wUUxYSENQY0dNTWFyblAxWDkxa3FXYXVMcmpMVjZkQldlU0RqYk1wZUdBWFJRSE1DdmZjVHowQTZ4cjQ4eVJqbEJzaWxSdW0xTW1fVHM1cHdFSUhpMjZHUlQ4b2hvTVlFVlROYkRXSWxvM05vY2ZjNXFXVW9PUHNxeGRSX1JVYUNDMnc?oc=5,2026-06-03 07:00:00+00:00,Barchart.com,2026-06-03
Here's Why Tesla Stock Soared in May (And What the SpaceX IPO Means to Tesla Investors) - Yahoo Finance,https://news.google.com/rss/articles/CBMimAFBVV95cUxObmVYRDBwTy1ZYnVIclM4STVFMWx5WkxzZXpLNUUwUWtUUEZzMFN0VGFPeWM1LWFjNnVMWnpGeURtMmZLdGZyUW1BWFFjamJfMFFxUFc4RFNIUkw4ODZUMW1JRWVpdFhVcWtkYXJFcGUyd1hXajdWclZ3WmZHSWNkdEx5NWMxTjhYZERSblJHd05jTU5ocWRyYw?oc=5,2026-06-02 07:00:00+00:00,Yahoo Finance,2026-06-02
Why Tesla stock is sinking over 4% today - TradingView,https://news.google.com/rss/articles/CBMinAFBVV95cUxPQXNpS0tjcFYxQnRiLXozWXBZQnZ3RXoyN0FBeDZrejYyQVZyZXJRaFBZa1VLYnphRnFvRm9uTS1Eck02RGNOMmlxQWFZdXR4RUV1X0g4OHZTMWpvTEhOY1VzNDcyQXk3NmZxMFNnTWJPR2J4clk1TFhmN2ROZ2FxRWVtYnNjcWdEN2NuUkxVbWFrTUpHTnBUSVJ4OHY?oc=5,2026-06-01 07:00:00+00:00,TradingView,2026-06-01
"Up 28% in weeks, could Tesla stock go even higher? - Yahoo Finance UK",https://news.google.com/rss/articles/CBMigAFBVV95cUxPTzEtaGROdUFKek4yMzVCblIycmdoYkczVE9naHphbEI2X1ZRODlPaUpPUUtFTmRxNjlYeGxZbTVuY2hNRHhaVGp2V1FqdFJqX2xpQXNGUUxaZWVBQS00RXhXUFduOF9GcmxIcFZ1VGJheklKTjVuXzlKVXRabS1ldQ?oc=5,2026-05-31 14:37:10+00:00,Yahoo Finance UK,2026-05-31
Is Tesla Stock Your Ticket to Becoming a Millionaire? - The Motley Fool,https://news.google.com/rss/articles/CBMilwFBVV95cUxPb3hJWDVZalFlNkhDRVpnLUhuMUYzVGliSE5zS2VoeGQ1NVNXTGM5Sk1Ub0toVFk4elNSWUZRQlBQWWt6SGRsQ1ctSDRhVDFLdnF3cjlnV1ZqMnp2UFVWVlNNMlVzSndkdXBCUDN0aF9KQVpMMDQtUDNQbjc5LXRRX0lXUzc5US10RmM1ZzlrZXI2S050NnUw?oc=5,2026-05-31 07:00:00+00:00,The Motley Fool,2026-05-31
Tesla Stock Could Soar in the Second Half of 2026. Here's Why. - The Motley Fool,https://news.google.com/rss/articles/CBMilwFBVV95cUxQNVpPZU5Lc0dVcDducWNCdEtRbW1YNXhWRmZFbk1TN054aDQ4dlpWTkVCVGtlQndyWVhtTlR4bDF5b0l6cWsyb0hDV003d0gwWjNHNnk4ZHp4SUlEd1l4eTVfQzg1dFdVR3REclNpVlNuZnVma1g3aHdJNVRJa2xSeGV3Mkt2QmVoUVBuM0xUOVpzVHN3M25R?oc=5,2026-05-29 07:00:00+00:00,The Motley Fool,2026-05-29
Will Tesla Stock Hit $600 This Year? - 24/7 Wall St.,https://news.google.com/rss/articles/CBMihAFBVV95cUxQNWlRMXlQcU03V0RBV2Q0RlpScDkyRjBtVmRiLU9wRDd2cjFkRFA0NlNTV1plTmI1ajh2N3RJUmxRNkNtdTl5NXFGUWVVdlV4SUl1a3pwcFUxTExvWFMyWXRJQ0tuOUdKQzlwZ1hhVk9KRUhwNndxNWgxWFVKQV94cXNJTkE?oc=5,2026-05-28 07:00:00+00:00,24/7 Wall St.,2026-05-28
Will Tesla Stock Hit $600 This Year? - Yahoo Finance,https://news.google.com/rss/articles/CBMijAFBVV95cUxPMFRweHVXbnhESW5oV3p0a3B5bVZYLURYR1BjdkpoeXZoM3Q0dV9OZDlGRHhHT3pMWlJfbHltTFhyR1c2eFFZVVA0d3h0X3VXTlhDMmprWktUUlRKMTBOUGpQLUNGblBuZGdWUXByck9nMTh2TXl2dmE4cWpwdzhNZ3phQThUUnlHLTVsTg?oc=5,2026-05-28 07:00:00+00:00,Yahoo Finance,2026-05-28
"Tesla Stock Could Be Setting Up for a Major Breakout, Charts Show - Barron's",https://news.google.com/rss/articles/CBMikAFBVV95cUxOelpwUWpNaHVaMVNOQ0JyLW84YjRwVjFFeXFZYTNXY0owRnNYR29lMTRIRG1KS2JmeXAzU2NtbHpPTjItcVJBSGJkTkt5NGltdmJNRVhjeDFIOVNmTm9IUVdEbUVoczZ1U2dXZDRSNE1vRWV5OEZoRUFsUWQ4M1J3MEhSbkZza2M3VTVaajdIMUk?oc=5,2026-05-27 07:00:00+00:00,Barron's,2026-05-27
SpaceX-Tesla merger chatter reignites as Musk pushes rocket company toward Nasdaq - CNBC,https://news.google.com/rss/articles/CBMiqwFBVV95cUxQSkpQX1FVYzRWVi0yM0pKbjRPOHVIbjhmMlRXVHhxRXBPQ0tZMk5rZ3oxS0JtQjRGTFc2VlE2Yy1rSXFEQTVlV1FaZnRPQzQ2ZFV6ekF4VkMyZGc1Tjh3el9jZkIySjdFWUJDakdreG1SLVl1d2tyeFZnUVlaT0tzcE1mNWpYcUlvRUtLWjRRNjViNlM5MVJET0VKa2dCcl9WNjh4VHlDWGlCMGPSAbABQVVfeXFMTzVSZkN0Q0tjRHBpT2ZEMFJUVjZ1eFlRNjBDSHFrN0JvWFZKQ21BNV9zOTNablNkZ1l3UG0zSmpZRHc4Qi1mR3Y0SnBHdVNxamFKcG1KQkZmcmRxbEhWSy1uTU9IT3NsWVY4MFUtYWFTUUJRSklpb0pRS0pnTUNLZjBGR2w5X0xfZTFWdEpwb1dGTENrYndSUkZRSEkzbnVzcDhmNTNEUm9wVDRVdG5sSTI?oc=5,2026-05-26 07:00:00+00:00,CNBC,2026-05-26
Tesla Stock Trades Higher as Investors Remain Focused on SpaceX - Barron's,https://news.google.com/rss/articles/CBMif0FVX3lxTE40cExtblFRQndlbVpQTmNoTXJFLXNhTXZJS0RwT205QWVoTmtMZjFXUU5mN1c3VVBFa1A0LTBuOXR6OXFoODJkV2xGbmtTSmxmT0VsYjk3dllhWkNxSFcwU1BPWGNqTU1JaUg5VEU0NDV3TExjeWhFdDQyU3p4MW8?oc=5,2026-05-26 07:00:00+00:00,Barron's,2026-05-26
Elon Musk’s Bugs Bunny Moment: Will SpaceX IPO Tank Tesla Stock? - Barron's,https://news.google.com/rss/articles/CBMif0FVX3lxTFBTQlFZbjZWbW50VHAyckpOOE1UdDNFNWZqRm9ZbV9xcGNsUVd0S01jRjBPaWl5cGV1VEppN05JNVhWS2c2TEtCVWVOVUREaml4cVhadUxUdFhuZk15RG8zSXQ2VU1rZzFJbFFTV244WXhlSWljZ3dQTDZHRkpNQmM?oc=5,2026-05-26 07:00:00+00:00,Barron's,2026-05-26
Should You Wait to Buy Tesla Stock After June 12? - The Motley Fool,https://news.google.com/rss/articles/CBMilgFBVV95cUxNZWRhTG1TQXhub2xQaDZoT0tnWW5GUl9UOUs3MTZ3UGlvY0lBQ0M5bUp2ZUI1ZzJSZHJEOWFOSUFoVGZkTUd0UGdxTmlwd292VlQxODM3TkpKZkd5VUZWNm9YZXRSQUhxNXYyNWdJWTUtV1IyYnl5ZmxXZmVUWERFeGY1ZnNBNU5WczBnNV9oeG1yV1B5TUE?oc=5,2026-05-22 07:00:00+00:00,The Motley Fool,2026-05-22
"'SpaceX is his new baby at the expense of Tesla': Elon Musk’s IPO could be bad news for his EV maker, investors warns - Fortune",https://news.google.com/rss/articles/CBMiekFVX3lxTE94RG5JUEhfSnNVdjFfSGdLcGlHMVhuemRYRFpzLWhGQnhUazQyaFI1STNKUTlEdVVmdWdqbWZjaXpuSEkyek1EcnplVzJmTzMzSlZxTWxFVVJCSHJ6a3lIalR0aFZGbDdmMjNKdm5nRnpmdnEyWlNJeTdB?oc=5,2026-05-21 07:00:00+00:00,Fortune,2026-05-21
This Will Be Tesla’s Stock Price in 2030 - 24/7 Wall St.,https://news.google.com/rss/articles/CBMiiwFBVV95cUxPR1QtZm5UcVpXQWE2dGktdmdiUmQxQ0l2Y1dqVVZKazViR1NJcXF2Mlp2MUVVcEhXUlJMa3RzUG16aG1DZVdFdUYyb1U3anpMVS13aEs1RHBZTUNXOUdPTWJOcnFxT3hDZkNlMExWZ0FxRlktT1o3MWhEaWJRd2oyaDkxd1BUN09Fc0xF?oc=5,2026-05-20 07:00:00+00:00,24/7 Wall St.,2026-05-20
Prediction: Tesla Stock Could Go Parabolic After June 12. Here's Why. - Yahoo Finance,https://news.google.com/rss/articles/CBMipgFBVV95cUxNTXFfYjVEbzRKcDA0VWk2M19uNkVwMVlvejMyY3FQaW9xNm90U09BOU9HTEVyaHRScENXVUNGRjdiNUtwOUkyRkpCT3BZZU5pcTFnOTg2THRJbnlqUUhtYnhlbUUxNUtGdHBpNjVpZ292WFYzZktVVGtVTzUwbDdMZmpvZWw5X3M3TUNCd2EyMzgzMEVHNmpVcV9tMV81NnhWd0xBdHJn?oc=5,2026-05-20 07:00:00+00:00,Yahoo Finance,2026-05-20
Tesla Stock Falls as Elon Musk Loses California Court Battle Against Sam Altman - TIKR.com,https://news.google.com/rss/articles/CBMixgFBVV95cUxPMlNDWHRJNWtfemN3WW5mRzRXR2hXNXpZLWlmNWtzY2YyclNJalFSSUNvVGZEbEJoVzJRbkgtY2g4dFpUY25YczBBd1RtZExrZGkzWEMtZnFXcmVhT3dCUGxqcThQQzdYZnV4ZG5NVlM4VUxxdWNYTlFnMjNJaTd6VWdRSVp4M1R1QmV6V0dkUDFnR3pVMEhKOHFaV1ZCY0R0QllOV29nX2tjSDFkQmR4WWpPWW5KWTJLMGlENnlkd3BhY0s4Znc?oc=5,2026-05-19 07:00:00+00:00,TIKR.com,2026-05-19
Catalysts That Could Propel Tesla Stock to the Moon - Trefis,https://news.google.com/rss/articles/CBMitAFBVV95cUxPQmEzNUluNmNRWGpteENHTXh5VWpPSHZUMjlpTkl2NUVIbTNnVS1OV3VuQ3RoLVpUNVV4SjRDakJLa0JIVUdnVmU1bWpyU3lIZUJHcjJQM0hXOUxqa21rVERFWnR6bmt4SE1YVnVlMWZ2TE5TVUJJR3c5bkdDc19fd0lHeDdId25oTnlkY2Uyd2szTVJqUU1XeHFVbTFzY2NGam9EVTVQT21vSXZjX0ExUWlQV0M?oc=5,2026-05-12 07:00:00+00:00,Trefis,2026-05-12
"After Earnings, Is Tesla Stock a Buy, a Sell, or Fairly Valued? - Morningstar",https://news.google.com/rss/articles/CBMimAFBVV95cUxQdFpqYjNWcnJmWWszSDNrQjRfZHVDdE53ZGhsb3M3S29Dc3FDZENQMGRpZzB1WHZ1MmJYbm8zaUV0RFR4NVhlQllrTy1ZYXJDaUxfX0doYjlqdDNacV81RWtaQkZJQXlZbFljOTNNRWFjTld3ZU1JVktPclpCUFZ1dVFTUHRVVHd0VTdPSU1wd0pRUVFqQXQ2QQ?oc=5,2026-04-30 07:00:00+00:00,Morningstar,2026-04-30
Tesla Earnings: Shares Fall Slightly as Management Raises Capital Expenditure Guidance - Morningstar,https://news.google.com/rss/articles/CBMixAFBVV95cUxNOVhYSUxpbmVkWGtnODhMbEphdElsSHJPdlFvN0J2eUFGclRVZVFaTTNva3cyMGhjSkR5MmtsVWVXVXY3dEhzNzczem5NNC1OSG5yRVkyV3c4QjhvZmJUcEZrdldlZTVEU1hYV2RYcEEwQUNTQlkzSFpHLWlHNWczbmo3REVBVnNfVVJhMk5mWmlzdkJKN1Q2X1NyZEthcUt6U2RkY0R2RUFjUzR4MEJzc09TXzRNSkhScGlDVWhHLWt4WWY5?oc=5,2026-04-23 07:00:00+00:00,Morningstar,2026-04-23
Tesla stock snaps 8-week losing streak with earnings ahead - Yahoo Finance,https://news.google.com/rss/articles/CBMivwFBVV95cUxOc0ZRSkFwUEpnR0lsRmg3SWkxT1g3QmVEaUpjTFhrOXF5d0dwTVRwWmhhWHFWdzFvejFLaVdLRml0cHAtTHhlaHUwNXlwOUFJamM4ZDNIRGFuc19BZzBDTEd5WGdnMXlJcndOejdZd3c2SWNnU2dwYUdCcVE3UzNRSmhWR0FXVGhCWjlsclc0V28wZ1BSRHlxSmNnUWxlQjhYeVRsTDloSHZJSWlxNUxWb3lndWt3aEZ0WkFqdkJoWQ?oc=5,2026-04-18 07:00:00+00:00,Yahoo Finance,2026-04-18
"Ahead of Earnings, Is Tesla Stock a Buy, a Sell, or Fairly Valued? - Morningstar",https://news.google.com/rss/articles/CBMioAFBVV95cUxOVkUwSkFpZW9ucFB3R3NaWENLcmFRTVk0ckFkOGhMNEU3cjh3czI3bWtiZi1oQWpCSVFOcHN5WDdSc3FubVVzVHZMR3MwY05HQ1NKTUI3NFRTX2gwZml0RllTU2VNQmx6MFlpb0YwWUM0RHFhNktoQ1JsZFVMYXBQQmRBTjBDa18xVWk5V00wTXhVR2VfMkNac2J4N2ZEWWxw?oc=5,2026-04-16 07:00:00+00:00,Morningstar,2026-04-16
Why JPMorgan is warning Tesla stock may crash 60% - Yahoo Finance,https://news.google.com/rss/articles/CBMimgFBVV95cUxONVhvRUxjTHl3a21ldlp0N3VGNlQwMG4wc0tBWFB3bFE3aWZIY21qOHB1WVUtNjJKTWUzZGlBYkQtZVU3RURBWUZHOWJiaGdwUHF0a3Z5RVdUSE1BdDhFM215NGc1RnFmT3BiWHNBZzVBc2xFMTMtMWxhZGZDUUREWmhaRkNMU2RzOE92OGt3NlRFcmUzcjRqeGJR?oc=5,2026-04-06 07:00:00+00:00,Yahoo Finance,2026-04-06
